PROVIDER_ID,ADD_ON_INSTANCE_ID,CREATED_AT,ADD_ON_NAME,IS_ENABLED,PAYMENT_PERIOD_UNIT,PAYMENT_PERIOD_MULTIPLIER,KEY_DRIVER,CURRENT_KEY_DRIVER_VALUE,FIXED_PRICE_USD,VARIABLE_PRICE_USD
145650,11276,2024-02-22 13:38:50,compensation,true,monthly,1,team_members,1,0.0,5.57
1069230,7478,2024-02-15 15:21:33,compensation,false,monthly,1,team_members,10,0.0,7.95
1069230,33905,2024-07-05 17:04:58,google_reviews,false,monthly,1,locations,1,0.0,14.95
758765,19679,2024-04-02 17:16:40,google_reviews,false,monthly,1,locations,1,0.0,14.95
758765,6428,2024-02-15 11:23:31,compensation,false,monthly,1,team_members,3,0.0,7.95
289195,35068,2024-07-18 11:57:15,google_reviews,true,monthly,1,locations,1,0.0,14.95
246910,3119,2023-12-29 18:15:31,fresha_insights,false,monthly,1,team_members,1,0.0,9.95
322735,16616,2024-03-28 17:56:48,google_reviews,true,monthly,1,locations,1,0.0,14.95
462335,29764,2024-05-24 15:03:25,compensation,true,monthly,1,team_members,7,0.0,1.0
266695,14202,2024-03-09 03:24:06,compensation,false,monthly,1,team_members,3,0.0,7.95
266695,18468,2024-03-30 23:20:37,google_reviews,true,monthly,1,locations,1,0.0,14.95
1217750,36941,2024-08-10 02:19:24,google_reviews,false,monthly,1,locations,1,0.0,14.547903886756302
1365780,43246,2024-10-29 02:46:53,compensation,false,monthly,1,team_members,3,0.0,7.95
1390135,43190,2024-10-28 10:05:56,compensation,false,monthly,1,team_members,2,0.0,7.603797019569522
461470,14682,2024-03-13 15:32:55,fresha_insights,false,monthly,1,team_members,2,0.0,9.95
958955,20229,2024-04-02 21:38:55,compensation,false,monthly,1,team_members,26,0.0,1.2777156635623674
958955,19608,2024-04-02 16:54:43,google_reviews,true,monthly,1,locations,1,0.0,14.547903886756302
17130,40963,2024-09-29 21:03:03,compensation,false,monthly,1,team_members,2,0.0,7.603797019569522
571340,29762,2024-05-24 15:01:24,compensation,false,monthly,1,team_members,2,0.0,7.95
748080,16827,2024-03-28 21:02:53,google_reviews,false,monthly,1,locations,1,0.0,14.95
734690,38725,2024-09-02 20:12:37,google_reviews,true,monthly,1,locations,1,0.0,14.547903886756302
704070,22575,2024-04-08 22:05:29,google_reviews,false,monthly,1,locations,1,0.0,14.95
1075150,24037,2024-04-11 13:24:16,google_reviews,false,monthly,1,locations,1,0.0,14.547903886756302
729875,44510,2024-11-13 19:29:27,compensation,false,monthly,1,team_members,1,0.0,7.95
348705,956,2023-11-02 01:27:31,fresha_insights,true,monthly,1,team_members,1,0.0,6.784392409241483
730675,682,2023-10-31 12:30:04,fresha_insights,true,monthly,1,team_members,1,0.0,6.97
206425,11946,2024-02-25 02:13:34,compensation,false,monthly,1,team_members,3,0.0,5.3261299671322595
46395,19141,2024-04-02 11:46:30,google_reviews,true,monthly,1,locations,1,0.0,14.95
1145395,10796,2024-02-21 01:37:57,compensation,false,monthly,1,team_members,1,0.0,7.95
1381360,43910,2024-11-06 02:56:22,compensation,false,monthly,1,team_members,3,0.0,7.95
1069240,26885,2024-04-30 23:07:59,fresha_insights,false,monthly,1,team_members,1,0.0,9.95
30680,2203,2023-11-28 16:12:39,fresha_insights,false,monthly,1,bookable_team_members,,0.0,9.687029079725557
30680,43470,2024-10-31 15:25:49,compensation,false,monthly,1,team_members,18,0.0,4.222016975249562
27210,24112,2024-04-11 18:14:27,google_reviews,true,monthly,1,locations,1,0.0,14.547903886756302
27210,6696,2024-02-15 12:24:40,compensation,false,monthly,1,team_members,110,0.0,7.603797019569522
99870,30221,2024-05-29 00:39:46,google_reviews,false,monthly,1,locations,1,0.0,14.95
640100,44420,2024-11-12 16:55:54,compensation,false,monthly,1,team_members,1,0.0,7.95
640100,22578,2024-04-08 22:10:54,google_reviews,false,monthly,1,locations,1,0.0,14.95
691920,19711,2024-04-02 17:28:38,google_reviews,true,monthly,1,locations,1,0.0,14.95
1209050,30827,2024-06-03 16:22:56,compensation,true,monthly,1,team_members,10,0.0,0.0
1209050,41169,2024-10-01 20:31:11,fresha_insights,false,monthly,1,team_members,10,0.0,1.0
676850,20334,2024-04-02 23:03:56,google_reviews,false,monthly,1,locations,1,0.0,14.547903886756302
676850,587,2023-10-31 02:09:23,fresha_insights,true,monthly,1,team_members,10,0.0,6.784392409241483
760135,19713,2024-04-02 17:29:27,google_reviews,false,monthly,1,locations,1,0.0,14.95
760135,1584,2023-11-10 15:27:23,fresha_insights,true,monthly,1,team_members,1,0.0,6.97
37665,46958,2024-12-18 00:05:22,google_reviews,true,monthly,1,locations,1,0.0,14.547903886756302
543900,4115,2024-01-23 16:54:06,fresha_insights,true,monthly,1,team_members,20,0.0,6.97
543900,22002,2024-04-07 01:23:07,google_reviews,false,monthly,1,locations,1,14.95,0.0
543900,8642,2024-02-16 00:09:11,compensation,true,monthly,1,locations,1,0.0,0.0
580415,22948,2024-04-09 16:03:51,google_reviews,false,monthly,1,locations,1,0.0,14.547903886756302
711845,26476,2024-04-27 15:53:47,google_reviews,false,monthly,1,locations,1,0.0,14.95
1193920,24807,2024-04-15 21:41:04,fresha_insights,false,monthly,1,team_members,1,0.0,9.95
1255925,36850,2024-08-08 23:37:29,google_reviews,false,monthly,1,locations,1,0.0,14.95
1255925,35029,2024-07-18 03:26:07,compensation,false,monthly,1,team_members,1,0.0,7.95
1325425,46589,2024-12-12 01:40:17,fresha_insights,false,monthly,1,bookable_team_members,,0.0,9.687029079725557
1226515,34606,2024-07-13 00:27:19,fresha_insights,false,monthly,1,bookable_team_members,,0.0,9.687029079725557
690410,19780,2024-04-02 18:01:16,google_reviews,false,monthly,1,locations,1,0.0,14.95
1287980,34675,2024-07-14 05:24:48,compensation,false,monthly,1,team_members,2,0.0,7.95
18210,17598,2024-03-29 12:04:14,google_reviews,false,monthly,1,locations,1,0.0,14.95
117905,30137,2024-05-28 13:17:30,compensation,true,monthly,1,team_members,12,0.0,5.57
117905,27364,2024-05-04 15:01:54,fresha_insights,true,monthly,1,team_members,12,0.0,9.95
1267570,32392,2024-06-20 01:29:10,compensation,false,monthly,1,team_members,3,0.0,7.95
1267570,32394,2024-06-20 01:49:01,fresha_insights,false,monthly,1,team_members,3,0.0,9.95
276795,39872,2024-09-16 23:00:20,google_reviews,false,monthly,1,locations,1,0.0,14.95
1355650,41270,2024-10-02 17:42:43,compensation,true,monthly,1,team_members,12,0.0,7.95
433815,13433,2024-03-04 14:55:32,compensation,false,monthly,1,team_members,1,0.0,5.57
129900,18850,2024-04-01 15:23:54,google_reviews,true,monthly,1,locations,1,0.0,14.547903886756302
129900,2290,2023-11-30 18:11:55,fresha_insights,false,monthly,1,bookable_team_members,,0.0,9.687029079725557
851330,25478,2024-04-20 20:17:33,google_reviews,false,monthly,1,locations,1,0.0,14.95
950450,21600,2024-04-05 03:03:11,compensation,false,monthly,1,team_members,1,0.0,7.603797019569522
366465,2419,2023-12-05 14:06:57,fresha_insights,false,monthly,1,team_members,7,0.0,6.97
366465,29647,2024-05-23 13:21:40,compensation,true,monthly,1,team_members,7,0.0,2.48
1323675,38289,2024-08-28 17:53:28,fresha_insights,false,monthly,1,team_members,,0.0,9.95
441095,20024,2024-04-02 19:53:34,google_reviews,true,monthly,1,locations,1,0.0,14.95
441095,37430,2024-08-16 20:41:21,compensation,false,monthly,1,team_members,4,0.0,7.95
245745,10475,2024-02-19 23:14:37,compensation,false,monthly,1,team_members,29,0.0,7.95
135045,21539,2024-04-04 20:38:32,google_reviews,true,monthly,1,locations,1,0.0,14.95
135045,4260,2024-01-24 17:55:06,fresha_insights,true,monthly,1,team_members,3,0.0,6.97
407310,14430,2024-03-11 14:13:33,compensation,true,monthly,1,team_members,2,0.0,3.98
1384085,42905,2024-10-24 02:33:20,compensation,false,monthly,1,team_members,2,0.0,7.95
767685,7351,2024-02-15 14:47:55,compensation,true,monthly,1,team_members,2,0.0,8.95
811530,4770,2024-02-02 17:46:45,fresha_insights,true,monthly,1,team_members,10,0.0,9.95
811530,7152,2024-02-15 13:57:22,compensation,true,monthly,1,team_members,10,0.0,7.95
811530,16965,2024-03-28 23:28:27,google_reviews,true,monthly,1,locations,1,0.0,14.95
51130,20976,2024-04-03 13:55:38,google_reviews,true,monthly,1,locations,1,0.0,14.95
577875,20433,2024-04-03 01:22:55,google_reviews,false,monthly,1,locations,1,0.0,14.547903886756302
502915,12195,2024-02-26 16:00:58,compensation,true,monthly,1,team_members,1,0.0,5.57
654705,1297,2023-11-04 22:59:02,fresha_insights,false,monthly,1,team_members,15,0.0,6.784392409241483
919360,47485,2024-12-27 01:56:11,google_reviews,false,monthly,1,locations,1,0.0,14.95
919360,43787,2024-11-04 16:55:04,compensation,false,monthly,1,team_members,1,0.0,7.95
887835,15912,2024-03-25 23:06:04,compensation,false,monthly,1,team_members,1,0.0,7.603797019569522
261800,15363,2024-03-19 21:51:21,fresha_insights,false,monthly,1,team_members,1,0.0,9.95
374945,7545,2024-02-15 15:39:53,compensation,false,monthly,1,team_members,2,0.0,7.95
621445,23287,2024-04-10 10:03:09,google_reviews,false,monthly,1,locations,1,0.0,14.547903886756302
844615,21704,2024-04-05 13:34:27,google_reviews,false,monthly,1,locations,1,0.0,14.547903886756302
943410,20458,2024-04-03 02:03:55,google_reviews,false,monthly,1,locations,1,0.0,14.95
943410,30288,2024-05-29 14:41:23,compensation,true,monthly,1,team_members,11,0.0,7.95
943410,2131,2023-11-26 04:06:44,fresha_insights,false,monthly,1,team_members,11,0.0,9.95
69100,19702,2024-04-02 17:24:38,google_reviews,false,monthly,1,locations,1,0.0,14.95
69100,29141,2024-05-19 17:23:07,compensation,true,monthly,1,team_members,6,0.0,6.95
1189805,25115,2024-04-17 21:33:14,google_reviews,true,monthly,1,locations,1,0.0,14.95
473480,28788,2024-05-16 17:13:22,fresha_insights,true,monthly,1,locations,6,120.1,0.0
473480,19907,2024-04-02 18:58:24,google_reviews,false,monthly,1,locations,6,0.0,14.95
473480,4656,2024-01-31 15:39:40,compensation,true,monthly,1,locations,6,120.1,0.0
111270,46022,2024-12-04 00:54:59,compensation,false,monthly,1,team_members,4,0.0,7.95
761060,31356,2024-06-07 23:46:02,compensation,false,monthly,1,team_members,2,0.0,7.95
471525,47412,2024-12-25 08:30:00,compensation,true,monthly,1,team_members,1,0.0,7.95
597640,21477,2024-04-04 16:20:26,google_reviews,true,monthly,1,locations,1,0.0,14.95
309280,20193,2024-04-02 21:16:36,google_reviews,false,monthly,1,locations,2,0.0,14.547903886756302
992100,23900,2024-04-11 03:04:15,google_reviews,false,monthly,1,locations,1,0.0,14.547903886756302
514485,10516,2024-02-20 03:19:44,compensation,false,monthly,1,team_members,1,0.0,7.95
613955,21758,2024-04-05 18:47:50,google_reviews,true,monthly,1,locations,2,0.0,14.547903886756302
613955,32077,2024-06-16 14:39:51,fresha_insights,false,monthly,1,bookable_team_members,,0.0,9.687029079725557
613955,16016,2024-03-26 19:13:03,compensation,true,monthly,1,team_members,38,0.0,7.603797019569522
1305810,36417,2024-08-03 20:52:39,compensation,false,monthly,1,team_members,2,0.0,7.95
1078940,2985,2023-12-24 09:43:14,fresha_insights,false,monthly,1,team_members,1,0.0,9.95
1078940,33483,2024-07-01 23:42:39,google_reviews,true,monthly,1,locations,1,0.0,14.95
855370,45700,2024-11-29 17:10:16,google_reviews,false,monthly,1,locations,1,0.0,14.547903886756302
711725,24120,2024-04-11 18:47:58,fresha_insights,false,monthly,1,bookable_team_members,,0.0,9.687029079725557
27220,1291,2023-11-04 20:36:06,fresha_insights,true,monthly,1,team_members,1,0.0,6.97
865785,4508,2024-01-28 20:25:25,fresha_insights,false,monthly,1,team_members,1,0.0,6.97
84735,17677,2024-03-29 13:39:54,google_reviews,false,monthly,1,locations,3,0.0,4.98
361855,13211,2024-03-02 19:10:47,compensation,false,monthly,1,team_members,3,0.0,7.95
42540,22073,2024-04-07 16:40:17,google_reviews,true,monthly,1,locations,1,0.0,14.547903886756302
42540,10040,2024-02-18 18:36:13,compensation,false,monthly,1,team_members,2,0.0,7.603797019569522
65865,15643,2024-03-22 18:36:06,compensation,true,monthly,1,team_members,11,0.0,5.57
65865,754,2023-10-31 19:58:28,fresha_insights,true,monthly,1,team_members,11,0.0,4.39
65865,23567,2024-04-10 14:08:40,google_reviews,false,monthly,1,locations,1,0.0,14.95
113910,7928,2024-02-15 17:58:34,compensation,true,monthly,1,team_members,1,0.0,7.95
1054060,22242,2024-04-08 13:32:47,google_reviews,false,monthly,1,locations,2,0.0,14.95
1054060,7122,2024-02-15 13:46:55,compensation,false,monthly,1,team_members,15,0.0,7.95
809770,21907,2024-04-06 13:24:42,google_reviews,false,monthly,1,locations,1,0.0,14.95
838550,35411,2024-07-22 14:50:53,fresha_insights,false,monthly,1,team_members,1,0.0,9.95
181790,28663,2024-05-15 21:08:34,google_reviews,false,monthly,1,locations,1,0.0,14.95
1368245,41534,2024-10-06 01:30:25,compensation,false,monthly,1,team_members,,0.0,7.95
1229665,42967,2024-10-24 21:27:16,compensation,false,monthly,1,team_members,1,0.0,7.95
371890,39877,2024-09-17 02:20:47,fresha_insights,false,monthly,1,team_members,2,0.0,9.95
1334665,46033,2024-12-04 03:31:31,compensation,false,monthly,1,team_members,3,0.0,7.603797019569522
909515,24124,2024-04-11 19:03:23,google_reviews,true,monthly,1,locations,1,0.0,14.95
909515,1982,2023-11-21 19:05:09,fresha_insights,false,monthly,1,team_members,7,0.0,9.95
1129990,11151,2024-02-22 02:35:25,compensation,false,monthly,1,team_members,4,0.0,7.603797019569522
1348045,39887,2024-09-17 06:38:31,compensation,false,monthly,1,team_members,5,0.0,7.95
1237830,34672,2024-07-14 02:30:06,google_reviews,false,monthly,1,locations,1,0.0,14.95
463455,23666,2024-04-10 16:26:28,compensation,false,monthly,1,team_members,2,0.0,7.95
105905,21763,2024-04-05 19:34:25,google_reviews,true,monthly,1,locations,1,0.0,14.95
998830,17036,2024-03-29 01:18:19,google_reviews,true,monthly,1,locations,1,0.0,14.95
322255,20604,2024-04-03 05:17:54,google_reviews,false,monthly,1,locations,1,0.0,14.547903886756302
785765,16389,2024-03-28 15:26:42,google_reviews,false,monthly,1,locations,1,0.0,14.95
785765,39499,2024-09-11 21:55:36,compensation,true,monthly,1,team_members,6,0.0,7.95
494985,45807,2024-12-01 00:55:44,compensation,false,monthly,1,team_members,1,0.0,7.603797019569522
52210,38390,2024-08-29 17:15:36,google_reviews,true,monthly,1,locations,1,0.0,14.95
227525,23288,2024-04-10 10:03:54,google_reviews,false,monthly,1,locations,1,0.0,14.95
227525,15612,2024-03-22 11:32:59,compensation,true,monthly,1,team_members,4,0.0,7.95
743130,20996,2024-04-03 14:28:20,google_reviews,false,monthly,1,locations,1,0.0,14.95
541020,23886,2024-04-11 01:29:31,google_reviews,true,monthly,1,locations,1,14.547903886756302,0.0
172275,17922,2024-03-29 19:30:20,compensation,true,monthly,1,team_members,3,0.0,7.95
205225,1847,2023-11-17 04:29:19,fresha_insights,false,monthly,1,team_members,5,0.0,6.97
1167885,34780,2024-07-15 17:08:04,compensation,true,monthly,1,team_members,6,0.0,7.95
134060,26727,2024-04-29 19:36:47,google_reviews,true,monthly,1,locations,1,0.0,14.95
435130,4072,2024-01-22 17:13:29,fresha_insights,false,monthly,1,team_members,9,0.0,6.97
828575,948,2023-11-01 23:48:15,fresha_insights,false,monthly,1,team_members,7,0.0,6.97
324475,23421,2024-04-10 12:03:15,google_reviews,true,monthly,1,locations,1,0.0,14.95
708345,42111,2024-10-14 09:19:59,compensation,false,monthly,1,team_members,19,0.0,7.95
58780,18348,2024-03-30 14:00:21,google_reviews,true,monthly,1,locations,1,0.0,14.547903886756302
556250,32243,2024-06-18 15:13:00,fresha_insights,false,monthly,1,team_members,1,0.0,9.95
730570,33660,2024-07-03 13:59:40,fresha_insights,false,monthly,1,team_members,1,0.0,9.95
525570,7010,2024-02-15 13:21:08,compensation,false,monthly,1,team_members,2,0.0,7.95
207260,23538,2024-04-10 13:42:38,google_reviews,true,monthly,1,locations,1,0.0,14.95
471725,6898,2024-02-15 13:00:06,compensation,true,monthly,1,team_members,16,0.0,5.3261299671322595
471725,20034,2024-04-02 19:59:16,google_reviews,true,monthly,1,locations,1,0.0,14.547903886756302
60895,29642,2024-05-23 13:00:22,compensation,true,monthly,1,team_members,9,0.0,0.0
688160,7097,2024-02-15 13:41:23,compensation,false,monthly,1,team_members,2,0.0,7.95
688160,16661,2024-03-28 18:33:09,google_reviews,false,monthly,1,locations,1,0.0,14.95
1043430,11953,2024-02-25 03:36:53,compensation,false,monthly,1,team_members,4,0.0,7.95
1330805,40657,2024-09-25 16:28:33,google_reviews,false,monthly,1,locations,1,0.0,14.95
1330805,38427,2024-08-30 02:23:14,compensation,false,monthly,1,team_members,1,0.0,7.95
1260945,32193,2024-06-18 03:00:45,compensation,false,monthly,1,team_members,4,0.0,7.603797019569522
136540,1210,2023-11-03 17:14:47,fresha_insights,false,monthly,1,team_members,11,0.0,6.784392409241483
1108775,26206,2024-04-25 17:13:40,compensation,false,monthly,1,team_members,1,0.0,7.95
102885,17784,2024-03-29 15:35:16,google_reviews,true,monthly,1,locations,1,0.0,14.95
1253065,30761,2024-06-03 03:36:42,compensation,false,monthly,1,team_members,1,0.0,7.95
1046500,25542,2024-04-21 15:15:41,google_reviews,true,monthly,1,locations,1,0.0,14.95
956750,25107,2024-04-17 20:14:52,google_reviews,false,monthly,1,locations,1,0.0,14.95
872035,14432,2024-03-11 14:27:23,fresha_insights,false,monthly,1,bookable_team_members,,0.0,9.687029079725557
309245,30165,2024-05-28 16:46:03,compensation,false,monthly,1,team_members,5,0.0,2.131840808226341
1228510,29554,2024-05-22 19:17:33,compensation,true,monthly,1,team_members,15,0.0,7.95
1228510,38764,2024-09-03 04:38:05,fresha_insights,false,monthly,1,team_members,15,0.0,9.95
1228510,38568,2024-09-01 00:02:01,google_reviews,true,monthly,1,locations,1,0.0,14.95
495095,19666,2024-04-02 17:10:32,google_reviews,false,monthly,1,locations,1,0.0,14.547903886756302
1184360,20582,2024-04-03 04:32:41,compensation,false,monthly,1,team_members,1,0.0,7.95
1184360,16332,2024-03-28 15:04:25,google_reviews,false,monthly,1,locations,1,0.0,14.95
1068785,20356,2024-04-02 23:23:29,google_reviews,false,monthly,1,locations,1,0.0,14.547903886756302
723070,20115,2024-04-02 20:41:18,google_reviews,true,monthly,1,locations,1,0.0,14.95
37375,7055,2024-02-15 13:30:56,compensation,false,monthly,1,team_members,6,0.0,7.95
37375,2624,2023-12-13 05:48:27,fresha_insights,false,monthly,1,team_members,6,0.0,9.95
1161925,9488,2024-02-17 00:42:39,compensation,false,monthly,1,team_members,,0.0,7.95
1300810,35902,2024-07-29 04:17:14,compensation,false,monthly,1,team_members,2,0.0,7.95
263750,23418,2024-04-10 12:01:37,google_reviews,false,monthly,1,locations,2,0.0,14.95
208880,4810,2024-02-05 03:45:42,fresha_insights,false,monthly,1,team_members,2,0.0,9.95
166165,20065,2024-04-02 20:13:22,google_reviews,true,monthly,1,locations,1,0.0,14.547903886756302
1072425,13225,2024-03-02 21:00:41,compensation,false,monthly,1,team_members,1,0.0,7.603797019569522
96215,19757,2024-04-02 17:52:14,google_reviews,false,monthly,1,locations,3,0.0,14.547903886756302
96215,28674,2024-05-15 22:25:03,compensation,true,monthly,1,team_members,18,0.0,7.603797019569522
96215,14358,2024-03-10 20:27:21,fresha_insights,true,monthly,1,team_members,18,0.0,9.687029079725557
531950,3743,2024-01-15 21:41:33,fresha_insights,false,monthly,1,bookable_team_members,,0.0,6.784392409241483
386560,32755,2024-06-24 14:58:17,google_reviews,false,monthly,1,locations,1,0.0,14.95
406240,19857,2024-04-02 18:29:51,google_reviews,true,monthly,1,locations,1,0.0,14.95
752040,22622,2024-04-09 01:00:40,google_reviews,false,monthly,1,locations,1,0.0,14.95
993425,7439,2024-02-15 15:06:48,compensation,false,monthly,1,team_members,1,0.0,7.95
1372345,42334,2024-10-17 00:32:36,compensation,false,monthly,1,team_members,1,0.0,7.603797019569522
505320,27633,2024-05-07 05:13:59,google_reviews,false,monthly,1,locations,1,0.0,14.95
135970,46863,2024-12-16 18:12:24,google_reviews,true,monthly,1,locations,1,0.0,14.95
1329715,38495,2024-08-30 17:32:45,google_reviews,true,monthly,1,locations,1,0.0,14.95
825355,2001,2023-11-22 01:33:51,fresha_insights,false,monthly,1,bookable_team_members,,0.0,6.784392409241483
825355,20353,2024-04-02 23:22:43,google_reviews,false,monthly,1,locations,1,0.0,14.547903886756302
577175,21125,2024-04-03 20:10:35,google_reviews,false,monthly,1,locations,1,0.0,14.95
246200,24166,2024-04-11 21:37:01,google_reviews,true,monthly,1,locations,1,0.0,14.95
701905,24525,2024-04-13 23:25:21,google_reviews,true,monthly,1,locations,1,0.0,14.95
93350,23433,2024-04-10 12:17:22,google_reviews,false,monthly,1,locations,1,0.0,14.547903886756302
647590,17870,2024-03-29 17:42:41,google_reviews,false,monthly,1,locations,1,0.0,14.95
41870,27858,2024-05-08 22:09:02,google_reviews,false,monthly,1,locations,1,0.0,14.547903886756302
974835,34817,2024-07-15 23:42:56,google_reviews,true,monthly,1,locations,1,0.0,14.547903886756302
379590,19977,2024-04-02 19:32:34,google_reviews,false,monthly,1,locations,1,0.0,14.95
255180,32603,2024-06-22 17:19:23,google_reviews,false,monthly,1,locations,2,0.0,14.547903886756302
596520,16828,2024-03-28 21:04:03,google_reviews,false,monthly,1,locations,1,0.0,14.95
1081330,44189,2024-11-09 06:53:05,compensation,false,monthly,1,team_members,2,0.0,7.95
1081330,18049,2024-03-29 23:10:07,google_reviews,false,monthly,1,locations,1,0.0,14.95
249365,28431,2024-05-14 01:47:15,compensation,false,monthly,1,team_members,8,0.0,5.3261299671322595
249365,28430,2024-05-14 01:42:34,fresha_insights,true,monthly,1,team_members,8,0.0,9.687029079725557
249365,29714,2024-05-24 02:35:33,google_reviews,true,monthly,1,locations,1,0.0,14.547903886756302
518755,24818,2024-04-16 01:25:31,compensation,false,monthly,1,team_members,1,0.0,7.603797019569522
721555,2023,2023-11-22 13:00:16,fresha_insights,false,monthly,1,team_members,1,0.0,6.97
138255,23841,2024-04-10 22:29:41,google_reviews,false,monthly,1,locations,1,0.0,14.95
138255,30092,2024-05-28 03:05:13,compensation,true,monthly,1,team_members,3,0.0,7.95
40175,26616,2024-04-29 01:41:55,compensation,false,monthly,1,team_members,7,0.0,7.95
258775,18646,2024-03-31 18:57:47,google_reviews,true,monthly,1,locations,1,0.0,14.95
74920,12621,2024-02-28 19:50:24,fresha_insights,false,monthly,1,team_members,1,0.0,9.95
73785,43024,2024-10-25 15:21:56,google_reviews,true,monthly,1,locations,1,0.0,14.95
12695,3124,2023-12-29 20:42:38,fresha_insights,false,monthly,1,bookable_team_members,,0.0,9.687029079725557
936385,29127,2024-05-19 13:05:38,google_reviews,false,monthly,1,locations,1,0.0,14.95
350000,22309,2024-04-08 15:01:51,google_reviews,false,monthly,1,locations,1,0.0,14.547903886756302
350000,29819,2024-05-25 01:43:53,fresha_insights,false,monthly,1,bookable_team_members,,0.0,9.687029079725557
693930,13857,2024-03-06 18:49:31,fresha_insights,true,monthly,1,team_members,1,0.0,9.687029079725557
297015,19635,2024-04-02 17:02:55,google_reviews,true,monthly,1,locations,1,0.0,14.547903886756302
480385,37434,2024-08-16 20:56:35,fresha_insights,true,monthly,1,team_members,6,0.0,9.687029079725557
480385,38604,2024-09-01 12:29:33,google_reviews,false,monthly,1,locations,1,0.0,14.547903886756302
297220,29350,2024-05-21 13:07:47,google_reviews,true,monthly,1,locations,1,0.0,14.95
752795,11449,2024-02-22 21:10:06,fresha_insights,true,monthly,1,team_members,12,0.0,9.95
1189510,22006,2024-04-07 01:55:07,google_reviews,true,monthly,1,locations,1,0.0,14.547903886756302
1189510,43297,2024-10-29 15:06:59,compensation,false,monthly,1,team_members,8,0.0,7.603797019569522
1189510,37710,2024-08-20 23:26:57,fresha_insights,true,monthly,1,team_members,8,0.0,4.846986593296372
800790,45663,2024-11-29 01:59:50,google_reviews,true,monthly,1,locations,1,0.0,14.547903886756302
1285475,43516,2024-10-31 23:28:13,compensation,false,monthly,1,team_members,8,0.0,7.95
1092690,3779,2024-01-16 20:50:50,fresha_insights,false,monthly,1,bookable_team_members,,0.0,9.687029079725557
285360,28371,2024-05-13 14:51:31,google_reviews,false,monthly,1,locations,2,0.0,14.95
285360,11429,2024-02-22 20:08:15,compensation,false,monthly,1,team_members,14,0.0,7.95
311730,28962,2024-05-17 19:20:19,compensation,false,monthly,1,locations,1,0.0,0.6944106867186779
311730,5572,2024-02-14 16:12:54,fresha_insights,false,monthly,1,bookable_team_members,,0.0,9.687029079725557
941790,19583,2024-04-02 16:27:56,google_reviews,false,monthly,1,locations,1,0.0,14.547903886756302
855780,18602,2024-03-31 15:22:58,google_reviews,false,monthly,1,locations,1,0.0,14.547903886756302
104915,2132,2023-11-26 04:57:16,fresha_insights,false,monthly,1,bookable_team_members,,0.0,9.687029079725557
159895,15860,2024-03-25 14:23:55,compensation,false,monthly,1,team_members,1,0.0,7.95
511995,22474,2024-04-08 19:15:05,google_reviews,true,monthly,1,locations,1,0.0,14.95
1204855,23398,2024-04-10 11:41:32,google_reviews,false,monthly,1,locations,1,0.0,14.95
57865,30480,2024-05-30 23:15:10,fresha_insights,false,monthly,1,team_members,1,0.0,9.95
1126810,9558,2024-02-17 06:18:41,compensation,false,monthly,1,team_members,1,0.0,7.603797019569522
627690,44018,2024-11-07 01:59:44,compensation,false,monthly,1,team_members,1,0.0,7.95
627690,21199,2024-04-03 22:52:00,google_reviews,false,monthly,1,locations,1,0.0,14.95
627690,31105,2024-06-05 16:52:51,fresha_insights,false,monthly,1,team_members,1,0.0,9.95
14355,7002,2024-02-15 13:20:07,compensation,false,monthly,1,team_members,7,0.0,7.603797019569522
14355,1627,2023-11-11 18:53:35,fresha_insights,false,monthly,1,bookable_team_members,,0.0,9.687029079725557
269965,33596,2024-07-03 01:12:27,google_reviews,true,monthly,1,locations,1,0.0,14.95
201600,15362,2024-03-19 21:48:46,compensation,true,monthly,1,team_members,6,0.0,7.95
860720,12081,2024-02-25 22:57:40,fresha_insights,false,monthly,1,bookable_team_members,,0.0,9.687029079725557
628270,1296,2023-11-04 22:57:04,fresha_insights,false,monthly,1,team_members,3,0.0,6.97
1289630,40221,2024-09-20 19:29:40,fresha_insights,false,monthly,1,team_members,1,0.0,9.95
111740,30031,2024-05-27 15:35:09,compensation,true,monthly,1,team_members,12,0.0,2.79
193315,1538,2023-11-09 14:32:27,fresha_insights,false,monthly,1,team_members,4,0.0,9.95
193315,17617,2024-03-29 12:22:24,google_reviews,true,monthly,1,locations,1,0.0,14.95
338055,11336,2024-02-22 16:52:04,compensation,false,monthly,1,team_members,1,0.0,7.603797019569522
546450,7162,2024-02-15 13:59:47,compensation,false,monthly,1,team_members,14,0.0,7.95
359575,26855,2024-04-30 18:20:15,compensation,false,monthly,1,locations,1,0.6944106867186779,0.0
1084050,40404,2024-09-23 12:35:12,fresha_insights,false,monthly,1,bookable_team_members,,0.0,9.687029079725557
1151910,42765,2024-10-22 15:00:44,google_reviews,false,monthly,1,locations,1,0.0,14.95
581780,2284,2023-11-30 14:30:33,fresha_insights,true,monthly,1,team_members,1,0.0,6.97
852115,20319,2024-04-02 22:49:15,google_reviews,false,monthly,1,locations,1,0.0,14.95
688775,10664,2024-02-20 15:48:32,compensation,false,monthly,1,team_members,5,0.0,5.57
294795,25741,2024-04-23 01:37:05,google_reviews,false,monthly,1,locations,2,0.0,14.547903886756302
196290,4552,2024-01-29 19:45:02,fresha_insights,false,monthly,1,team_members,1,0.0,6.97
750435,29156,2024-05-19 19:08:49,compensation,false,monthly,1,team_members,1,0.0,7.95
750435,18609,2024-03-31 15:39:42,google_reviews,false,monthly,1,locations,1,14.95,0.0
976645,6949,2024-02-15 13:09:57,compensation,false,monthly,1,team_members,3,0.0,5.57
976645,16747,2024-03-28 19:55:45,google_reviews,false,monthly,1,locations,1,0.0,14.95
1144455,7548,2024-02-15 15:40:56,compensation,true,monthly,1,team_members,2,0.0,7.95
395120,20342,2024-04-02 23:16:47,google_reviews,false,monthly,1,locations,1,0.0,14.95
355420,30860,2024-06-03 22:45:36,compensation,true,monthly,1,team_members,3,0.0,1.0
661860,16676,2024-03-28 18:50:42,google_reviews,true,monthly,1,locations,2,0.0,14.95
661860,1822,2023-11-16 15:23:47,fresha_insights,true,yearly,1,team_members,33,716.4,0.0
733150,15547,2024-03-21 18:59:06,compensation,false,monthly,1,team_members,7,0.0,2.666537036999723
733150,27783,2024-05-08 11:56:42,google_reviews,true,monthly,1,locations,1,0.0,14.547903886756302
179550,2728,2023-12-16 21:38:21,fresha_insights,false,monthly,1,bookable_team_members,,0.0,6.784392409241483
106895,43821,2024-11-05 01:44:58,google_reviews,true,monthly,1,locations,1,0.0,14.95
528110,25093,2024-04-17 18:06:54,google_reviews,false,monthly,1,locations,1,0.0,14.547903886756302
594920,16484,2024-03-28 16:15:57,google_reviews,false,monthly,1,locations,1,0.0,14.95
594920,25455,2024-04-20 15:11:44,compensation,true,monthly,1,team_members,6,0.0,7.95
990975,13586,2024-03-05 12:43:49,compensation,false,monthly,1,team_members,9,0.0,7.603797019569522
990975,1443,2023-11-07 16:54:33,fresha_insights,false,monthly,1,bookable_team_members,,0.0,9.687029079725557
1053030,4588,2024-01-30 16:09:40,fresha_insights,true,monthly,1,team_members,1,0.0,6.97
1286270,35239,2024-07-20 07:35:00,google_reviews,false,monthly,1,locations,1,0.0,14.95
42395,19651,2024-04-02 17:06:14,google_reviews,true,monthly,1,locations,1,0.0,14.95
42395,6661,2024-02-15 12:16:30,compensation,true,monthly,1,team_members,1,0.0,5.57
1010995,6834,2024-02-15 12:47:06,compensation,true,monthly,1,team_members,13,0.0,7.95
83870,23508,2024-04-10 13:12:17,google_reviews,false,monthly,1,locations,1,0.0,14.95
667450,3387,2024-01-05 20:34:27,fresha_insights,true,monthly,1,team_members,1,0.0,6.97
11835,930,2023-11-01 20:46:37,fresha_insights,false,monthly,1,team_members,1,0.0,9.95
1044660,7987,2024-02-15 18:28:41,compensation,false,monthly,1,team_members,35,0.0,5.57
1044660,41966,2024-10-11 20:36:25,fresha_insights,false,monthly,1,team_members,35,0.0,9.95
1044660,22680,2024-04-09 05:56:04,google_reviews,false,monthly,1,locations,1,0.0,14.95
586735,41193,2024-10-02 01:55:27,google_reviews,false,monthly,1,locations,1,0.0,14.95
1231415,42484,2024-10-18 19:29:02,fresha_insights,false,monthly,1,bookable_team_members,,0.0,9.687029079725557
1231415,30971,2024-06-04 18:41:12,compensation,true,monthly,6,locations,1,175.76228891536456,0.0
269285,22156,2024-04-08 01:59:18,google_reviews,true,monthly,1,locations,1,0.0,14.547903886756302
665655,30287,2024-05-29 14:37:19,compensation,false,monthly,1,team_members,5,0.0,7.603797019569522
665655,18128,2024-03-30 02:57:16,google_reviews,false,monthly,1,locations,1,0.0,14.547903886756302
91770,7614,2024-02-15 16:00:43,compensation,false,monthly,1,team_members,1,0.0,7.95
1191435,20383,2024-04-02 23:49:11,google_reviews,false,monthly,1,locations,1,0.0,14.95
323585,32449,2024-06-20 14:40:38,google_reviews,false,monthly,1,locations,1,0.0,14.547903886756302
323585,7702,2024-02-15 16:24:49,compensation,false,monthly,1,team_members,15,0.0,7.603797019569522
557520,17592,2024-03-29 11:56:22,google_reviews,false,monthly,1,locations,1,0.0,14.95
34890,20309,2024-04-02 22:40:17,google_reviews,false,monthly,1,locations,1,0.0,14.547903886756302
1105185,45399,2024-11-25 20:29:03,google_reviews,false,monthly,1,locations,1,0.0,14.95
1105185,6597,2024-02-15 12:02:39,compensation,true,monthly,1,team_members,1,0.0,7.95
1105185,3438,2024-01-07 23:43:56,fresha_insights,true,monthly,1,team_members,1,0.0,6.97
867480,29524,2024-05-22 15:50:15,compensation,true,monthly,1,team_members,3,0.0,5.96
867480,33237,2024-06-29 01:15:56,fresha_insights,true,monthly,1,team_members,3,0.0,9.95
106980,42320,2024-10-16 19:15:00,google_reviews,true,monthly,1,locations,1,0.0,14.95
425185,24496,2024-04-13 17:11:20,google_reviews,false,monthly,1,locations,1,0.0,14.547903886756302
425185,14497,2024-03-12 00:43:09,fresha_insights,false,monthly,1,bookable_team_members,,0.0,9.687029079725557
518445,21832,2024-04-06 03:48:51,google_reviews,false,monthly,1,locations,1,0.0,14.547903886756302
518445,7145,2024-02-15 13:55:32,compensation,false,monthly,1,team_members,7,0.0,5.3261299671322595
1240030,33191,2024-06-28 16:20:59,google_reviews,false,monthly,1,locations,1,0.0,14.95
454970,20073,2024-04-02 20:18:32,google_reviews,false,monthly,1,locations,1,0.0,14.95
1275085,33228,2024-06-28 23:15:47,compensation,false,monthly,1,team_members,1,0.0,7.95
798565,22583,2024-04-08 22:26:30,google_reviews,true,monthly,1,locations,1,0.0,14.95
725835,16779,2024-03-28 20:19:51,google_reviews,false,monthly,1,locations,1,0.0,14.95
725835,33820,2024-07-04 17:13:05,compensation,false,monthly,1,team_members,1,0.0,7.95
61460,28152,2024-05-11 14:47:08,google_reviews,false,monthly,1,locations,1,0.0,14.547903886756302
604405,22097,2024-04-07 19:21:50,google_reviews,true,monthly,1,locations,1,0.0,14.95
604405,12587,2024-02-28 16:12:41,compensation,true,monthly,1,team_members,14,0.0,7.95
968365,36236,2024-08-01 15:16:42,google_reviews,true,monthly,1,locations,1,0.0,14.547903886756302
968365,1986,2023-11-21 20:14:51,fresha_insights,false,monthly,1,team_members,9,0.0,6.784392409241483
171470,20566,2024-04-03 04:06:19,google_reviews,false,monthly,1,locations,1,0.0,14.547903886756302
171470,1440,2023-11-07 15:57:20,fresha_insights,true,monthly,1,team_members,7,0.0,6.784392409241483
448140,16554,2024-03-28 17:04:17,google_reviews,false,monthly,1,locations,1,0.0,14.95
18045,43791,2024-11-04 17:38:38,fresha_insights,true,monthly,1,team_members,4,0.0,9.687029079725557
388305,28404,2024-05-13 20:51:10,compensation,true,monthly,1,team_members,5,0.0,5.57
732270,20420,2024-04-03 00:48:36,google_reviews,false,monthly,1,locations,1,0.0,14.547903886756302
224965,19737,2024-04-02 17:42:44,google_reviews,true,monthly,1,locations,1,0.0,14.95
1231340,31958,2024-06-14 21:04:03,compensation,false,monthly,1,team_members,3,0.0,7.603797019569522
604295,6836,2024-02-15 12:48:56,compensation,false,monthly,1,locations,1,13.888213734373558,0.0
604295,33700,2024-07-03 19:53:22,google_reviews,true,monthly,1,locations,1,0.0,14.547903886756302
167155,1239,2023-11-04 00:39:52,fresha_insights,false,monthly,1,bookable_team_members,,0.0,6.784392409241483
239250,11036,2024-02-21 18:21:41,fresha_insights,false,monthly,1,team_members,2,0.0,9.95
888565,20074,2024-04-02 20:20:19,google_reviews,true,monthly,1,locations,1,0.0,14.95
1188595,26952,2024-05-01 12:33:33,google_reviews,false,monthly,1,locations,1,0.0,14.95
366015,23043,2024-04-09 23:05:49,google_reviews,false,monthly,1,locations,1,0.0,14.547903886756302
764920,47003,2024-12-18 14:50:02,fresha_insights,false,monthly,1,team_members,1,0.0,9.95
800940,19611,2024-04-02 16:55:27,google_reviews,false,monthly,1,locations,1,0.0,14.547903886756302
1341940,45265,2024-11-23 21:54:06,google_reviews,false,monthly,1,locations,1,0.0,14.95
1103540,9710,2024-02-17 16:00:24,compensation,false,monthly,1,team_members,2,0.0,7.95
549875,8862,2024-02-16 04:55:07,compensation,false,monthly,1,team_members,8,0.0,7.95
1430460,46641,2024-12-13 00:32:10,fresha_insights,true,monthly,1,team_members,9,0.0,0.0
1430460,46691,2024-12-13 21:51:39,compensation,true,monthly,1,team_members,9,0.0,0.0
343710,17181,2024-03-29 06:27:26,google_reviews,false,monthly,1,locations,1,0.0,14.547903886756302
846440,28558,2024-05-14 22:58:51,google_reviews,false,monthly,1,locations,1,0.0,14.547903886756302
481635,12232,2024-02-26 20:53:37,fresha_insights,false,monthly,1,team_members,5,0.0,9.95
481635,6551,2024-02-15 11:55:36,compensation,true,monthly,1,team_members,5,0.0,7.95
481635,22579,2024-04-08 22:11:39,google_reviews,true,monthly,1,locations,1,0.0,14.95
1358445,44993,2024-11-20 07:53:48,fresha_insights,false,monthly,1,bookable_team_members,,0.0,9.687029079725557
1154875,35512,2024-07-23 22:39:46,compensation,false,monthly,1,team_members,11,0.0,2.9720777391559414
1191780,27434,2024-05-05 12:43:31,google_reviews,false,monthly,1,locations,1,0.0,14.547903886756302
845560,39265,2024-09-09 19:40:34,google_reviews,false,monthly,1,locations,1,0.0,14.95
1400490,45247,2024-11-23 13:13:30,google_reviews,true,monthly,1,locations,1,0.0,14.95
736545,32247,2024-06-18 15:36:33,compensation,false,monthly,1,team_members,2,0.0,7.603797019569522
757980,15960,2024-03-26 09:19:20,fresha_insights,false,monthly,1,team_members,6,0.0,9.687029079725557
757980,16316,2024-03-28 14:55:50,google_reviews,false,monthly,1,locations,2,0.0,14.547903886756302
30185,16045,2024-03-27 02:26:06,fresha_insights,false,monthly,1,team_members,2,0.0,9.95
1066320,22638,2024-04-09 01:52:26,google_reviews,false,monthly,1,locations,1,0.0,14.95
357030,45802,2024-11-30 21:58:07,google_reviews,true,monthly,1,locations,2,0.0,14.95
52070,35824,2024-07-27 21:22:51,google_reviews,true,monthly,1,locations,1,0.0,14.95
1172645,12873,2024-02-29 22:54:17,compensation,false,monthly,1,team_members,7,0.0,7.95
137580,7062,2024-02-15 13:31:53,compensation,true,monthly,1,team_members,10,0.0,7.95
1242200,45660,2024-11-29 00:38:06,compensation,false,monthly,1,team_members,1,0.0,7.95
463620,30211,2024-05-28 22:51:00,compensation,true,monthly,1,team_members,7,0.0,1.11
463620,20299,2024-04-02 22:26:41,google_reviews,true,monthly,1,locations,1,0.0,14.95
7125,41344,2024-10-03 15:42:15,fresha_insights,false,monthly,1,bookable_team_members,,0.0,9.687029079725557
792880,20376,2024-04-02 23:41:38,google_reviews,true,monthly,1,locations,1,0.0,14.95
294855,17056,2024-03-29 02:10:27,google_reviews,false,monthly,1,locations,2,0.0,14.95
294855,29656,2024-05-23 14:46:46,compensation,true,monthly,1,team_members,8,0.0,7.95
877035,34307,2024-07-10 05:28:18,fresha_insights,true,monthly,1,team_members,1,0.0,9.95
23075,17569,2024-03-29 11:32:19,google_reviews,false,monthly,1,locations,1,0.0,14.95
496295,4789,2024-02-03 23:16:37,fresha_insights,false,monthly,1,team_members,1,0.0,9.95
1065095,24329,2024-04-12 13:33:49,fresha_insights,false,monthly,1,team_members,1,0.0,9.95
125840,10528,2024-02-20 04:43:46,compensation,false,monthly,1,team_members,6,0.0,7.603797019569522
1050430,17640,2024-03-29 12:55:05,google_reviews,true,monthly,1,locations,1,0.0,15.95
358260,14937,2024-03-15 19:54:02,compensation,false,monthly,1,team_members,9,0.0,7.603797019569522
358260,30574,2024-05-31 19:59:52,google_reviews,true,monthly,1,locations,1,0.0,14.547903886756302
1230530,43036,2024-10-25 17:13:23,google_reviews,true,monthly,1,locations,1,0.0,14.95
219595,26907,2024-05-01 04:37:44,google_reviews,false,monthly,1,locations,1,0.0,14.95
1030,30303,2024-05-29 16:11:55,compensation,false,monthly,1,team_members,4,0.0,7.95
1326125,42395,2024-10-17 16:42:29,compensation,true,yearly,1,locations,1,152.64,0.0
401265,16375,2024-03-28 15:19:35,google_reviews,false,monthly,1,locations,1,0.0,14.95
401265,3642,2024-01-12 15:09:05,fresha_insights,true,monthly,1,team_members,3,0.0,6.97
401265,12654,2024-02-28 23:05:02,compensation,true,monthly,1,team_members,3,0.0,5.57
134685,47634,2024-12-29 18:49:53,compensation,false,monthly,1,team_members,3,0.0,7.603797019569522
229350,27735,2024-05-08 02:39:21,compensation,true,monthly,1,team_members,4,0.0,5.57
1227350,33823,2024-07-04 17:54:43,google_reviews,true,monthly,1,locations,1,0.0,14.547903886756302
1227350,33744,2024-07-04 04:30:06,compensation,false,monthly,1,team_members,12,0.0,7.603797019569522
990050,6961,2024-02-15 13:12:24,compensation,false,monthly,1,team_members,1,0.0,7.95
636860,3258,2024-01-02 17:53:15,fresha_insights,false,monthly,1,team_members,1,0.0,6.97
998025,4613,2024-01-30 22:05:46,fresha_insights,false,monthly,1,team_members,1,0.0,6.97
129025,26594,2024-04-28 22:29:08,compensation,true,monthly,1,team_members,13,0.0,5.57
194270,30580,2024-05-31 21:27:20,compensation,false,monthly,1,locations,1,27.776427468747116,0.0
932650,15919,2024-03-26 00:15:50,fresha_insights,false,monthly,1,team_members,1,0.0,9.687029079725557
675020,12481,2024-02-28 03:35:02,compensation,false,monthly,1,team_members,1,0.0,7.603797019569522
147300,1496,2023-11-08 18:35:39,fresha_insights,false,monthly,1,bookable_team_members,,0.0,9.687029079725557
147300,19765,2024-04-02 17:54:25,google_reviews,false,monthly,1,locations,1,0.0,14.547903886756302
701510,2493,2023-12-07 19:32:49,fresha_insights,true,monthly,1,team_members,1,0.0,6.97
106375,41905,2024-10-10 17:59:27,google_reviews,false,monthly,1,locations,1,0.0,14.95
765365,43225,2024-10-28 19:41:34,fresha_insights,false,monthly,1,bookable_team_members,,0.0,9.687029079725557
490435,31647,2024-06-11 18:20:44,fresha_insights,false,monthly,1,team_members,2,0.0,9.687029079725557
150230,2460,2023-12-06 20:35:37,fresha_insights,true,monthly,1,team_members,22,0.0,0.0
463130,42424,2024-10-18 02:24:19,google_reviews,true,monthly,1,locations,1,0.0,14.95
752360,9317,2024-02-16 17:31:49,compensation,false,monthly,1,team_members,2,0.0,7.95
220090,36134,2024-07-31 17:57:27,google_reviews,false,monthly,1,locations,1,0.0,14.95
1335910,39035,2024-09-06 06:30:09,compensation,false,monthly,1,team_members,2,0.0,7.95
547010,22957,2024-04-09 16:42:46,compensation,true,monthly,1,team_members,3,0.0,7.95
780735,38054,2024-08-25 19:38:38,fresha_insights,false,monthly,1,team_members,1,0.0,9.687029079725557
780735,8190,2024-02-15 20:09:00,compensation,false,monthly,1,team_members,1,0.0,7.603797019569522
335675,28744,2024-05-16 10:57:23,compensation,true,monthly,1,team_members,4,0.0,5.97
335675,39074,2024-09-06 16:57:35,fresha_insights,true,monthly,1,team_members,4,0.0,9.95
1175105,18623,2024-03-31 16:44:34,google_reviews,false,monthly,1,locations,1,0.0,14.547903886756302
835885,31021,2024-06-05 02:05:12,compensation,false,monthly,1,team_members,1,0.0,8.95
205570,25840,2024-04-23 17:31:04,google_reviews,false,monthly,1,locations,1,0.0,14.95
451950,12708,2024-02-29 08:34:05,compensation,false,monthly,1,team_members,1,0.0,7.603797019569522
451950,16401,2024-03-28 15:32:19,google_reviews,false,monthly,1,locations,1,0.0,14.547903886756302
1160040,43875,2024-11-05 15:41:04,google_reviews,true,monthly,1,locations,1,0.0,14.95
290095,26856,2024-04-30 18:26:11,compensation,false,monthly,1,team_members,8,0.0,3.992861448632398
290095,1788,2023-11-15 21:19:40,fresha_insights,false,monthly,1,bookable_team_members,,0.0,6.784392409241483
1153950,44421,2024-11-12 17:14:29,fresha_insights,false,monthly,1,team_members,1,0.0,9.95
264080,7369,2024-02-15 14:52:09,compensation,false,monthly,1,team_members,1,0.0,7.603797019569522
121510,7559,2024-02-15 15:44:26,compensation,false,monthly,1,team_members,2,0.0,7.603797019569522
347775,1882,2023-11-18 04:03:30,fresha_insights,true,monthly,1,team_members,1,0.0,6.784392409241483
963270,13121,2024-03-02 00:59:21,compensation,false,monthly,1,team_members,1,0.0,8.95
1257565,46093,2024-12-04 18:53:12,google_reviews,true,monthly,1,locations,1,0.0,14.95
1257565,31854,2024-06-13 17:47:20,compensation,false,monthly,1,team_members,16,0.0,4.89
740395,7177,2024-02-15 14:01:50,compensation,false,monthly,1,team_members,6,0.0,7.603797019569522
1158880,16678,2024-03-28 18:53:36,google_reviews,false,monthly,1,locations,1,0.0,14.547903886756302
1179915,17071,2024-03-29 02:37:44,google_reviews,false,monthly,1,locations,1,0.0,14.95
738970,17752,2024-03-29 14:57:37,google_reviews,false,monthly,1,locations,1,0.0,14.95
420040,17695,2024-03-29 13:58:05,google_reviews,true,monthly,1,locations,1,0.0,14.95
501005,17608,2024-03-29 12:16:26,google_reviews,false,monthly,1,locations,1,0.0,14.95
783615,27984,2024-05-09 21:12:18,compensation,false,monthly,1,team_members,2,0.0,7.95
129875,19744,2024-04-02 17:43:39,google_reviews,true,monthly,1,locations,1,0.0,14.95
93395,41989,2024-10-12 05:22:19,google_reviews,true,monthly,1,locations,1,0.0,14.95
183725,2886,2023-12-21 23:47:10,fresha_insights,true,monthly,1,team_members,1,0.0,6.97
197055,6774,2024-02-15 12:37:52,compensation,false,monthly,1,team_members,1,0.0,7.95
686655,4972,2024-02-09 23:09:38,fresha_insights,false,monthly,1,team_members,1,0.0,9.95
93640,12590,2024-02-28 16:29:43,fresha_insights,false,monthly,1,team_members,2,0.0,9.687029079725557
165185,20621,2024-04-03 06:05:51,google_reviews,false,monthly,1,locations,1,0.0,14.95
161550,24588,2024-04-14 14:43:54,google_reviews,false,monthly,1,locations,1,0.0,14.95
161550,13307,2024-03-03 17:41:43,compensation,false,monthly,1,team_members,1,0.0,7.95
160545,16606,2024-03-28 17:47:30,google_reviews,true,monthly,1,locations,1,0.0,14.547903886756302
160545,4654,2024-01-31 14:10:47,fresha_insights,true,yearly,1,team_members,17,447.54074348332074,0.0
160545,14139,2024-03-08 16:03:56,compensation,true,yearly,1,locations,1,366.6488425874619,0.0
830895,20268,2024-04-02 22:02:21,google_reviews,true,monthly,1,locations,1,0.0,14.95
1158805,36112,2024-07-31 13:22:46,google_reviews,true,monthly,1,locations,1,0.0,0.6944106867186779
1158805,34165,2024-07-08 19:20:27,compensation,false,monthly,1,team_members,2,0.0,7.603797019569522
739445,35692,2024-07-25 20:43:58,google_reviews,false,monthly,1,locations,1,0.0,14.547903886756302
1184615,38635,2024-09-01 22:40:23,google_reviews,true,monthly,1,locations,1,0.0,14.95
983690,12078,2024-02-25 22:20:51,compensation,false,monthly,1,team_members,1,0.0,7.95
1326860,38061,2024-08-25 21:19:35,compensation,false,monthly,1,team_members,3,0.0,7.95
1326860,40421,2024-09-23 15:43:26,fresha_insights,false,monthly,1,team_members,3,0.0,9.95
869700,3179,2023-12-31 15:27:16,fresha_insights,false,monthly,1,team_members,1,0.0,6.97
1010385,19001,2024-04-02 02:11:53,google_reviews,false,monthly,1,locations,1,0.0,14.547903886756302
1334015,38801,2024-09-03 15:02:49,compensation,false,monthly,1,team_members,2,0.0,7.603797019569522
66285,28412,2024-05-13 21:53:17,google_reviews,false,monthly,1,locations,1,0.0,14.547903886756302
198255,16984,2024-03-28 23:48:09,google_reviews,false,monthly,1,locations,1,0.0,14.95
677105,10415,2024-02-19 19:33:04,compensation,false,monthly,1,team_members,1,0.0,7.95
1279440,33856,2024-07-05 06:19:44,compensation,false,monthly,1,team_members,,0.0,7.95
1232745,28547,2024-05-14 20:34:32,compensation,false,monthly,1,team_members,23,0.0,7.95
443085,25250,2024-04-18 20:56:23,google_reviews,true,monthly,1,locations,1,0.0,14.547903886756302
190215,3782,2024-01-16 21:24:17,fresha_insights,false,monthly,1,team_members,7,0.0,9.95
803320,6845,2024-02-15 12:50:21,compensation,false,monthly,1,team_members,18,0.0,5.57
628755,1821,2023-11-16 15:19:10,fresha_insights,true,monthly,1,team_members,6,0.0,9.95
628755,19648,2024-04-02 17:05:05,google_reviews,false,monthly,1,locations,1,0.0,14.95
1331025,43986,2024-11-06 18:28:04,compensation,true,monthly,1,team_members,13,0.0,7.95
348955,44691,2024-11-16 00:18:29,compensation,false,monthly,1,team_members,2,0.0,7.95
1049155,11461,2024-02-22 22:15:25,compensation,false,monthly,1,team_members,2,0.0,7.95
1049155,18897,2024-04-01 18:32:24,google_reviews,false,monthly,1,locations,1,0.0,14.95
1049155,2490,2023-12-07 16:51:29,fresha_insights,true,yearly,1,team_members,2,0.0,4.88
160960,3752,2024-01-16 04:29:13,fresha_insights,false,monthly,1,bookable_team_members,,0.0,9.687029079725557
437675,23382,2024-04-10 11:24:19,google_reviews,true,monthly,1,locations,1,0.0,14.547903886756302
181110,30197,2024-05-28 20:14:02,compensation,false,monthly,1,team_members,4,0.0,7.603797019569522
1301465,36087,2024-07-31 06:33:34,compensation,false,monthly,1,team_members,2,0.0,7.603797019569522
826155,3265,2024-01-02 20:04:54,fresha_insights,false,monthly,1,bookable_team_members,,0.0,6.784392409241483
514310,17177,2024-03-29 06:21:29,google_reviews,false,monthly,1,locations,1,0.0,14.95
3470,23654,2024-04-10 16:11:56,google_reviews,false,monthly,1,locations,1,0.0,7.46
3470,29518,2024-05-22 15:35:01,compensation,true,monthly,1,locations,1,0.0,1.0
3470,4063,2024-01-22 12:47:29,fresha_insights,false,monthly,1,team_members,9,0.0,9.95
70720,21452,2024-04-04 15:02:39,google_reviews,false,monthly,1,locations,1,0.0,14.95
539470,18835,2024-04-01 13:52:33,google_reviews,false,monthly,1,locations,1,0.0,14.95
1431400,46737,2024-12-14 15:52:45,compensation,false,monthly,1,team_members,,0.0,7.95
5915,3863,2024-01-17 19:33:24,fresha_insights,true,yearly,1,team_members,103,551.63,0.0
83790,47076,2024-12-19 18:19:13,compensation,false,monthly,1,team_members,2,0.0,7.95
382265,26192,2024-04-25 16:15:53,google_reviews,false,monthly,1,locations,1,0.0,14.95
868690,18590,2024-03-31 14:21:54,google_reviews,true,monthly,1,locations,1,0.0,14.95
48495,16906,2024-03-28 22:20:18,google_reviews,false,monthly,1,locations,1,0.0,14.547903886756302
564720,16641,2024-03-28 18:21:30,google_reviews,false,monthly,1,locations,1,0.0,14.547903886756302
1135935,39344,2024-09-10 14:25:34,google_reviews,true,monthly,1,locations,1,0.0,14.95
1294330,36910,2024-08-09 17:52:51,google_reviews,true,monthly,1,locations,3,0.0,14.95
1284095,36399,2024-08-03 17:37:12,google_reviews,false,monthly,1,locations,2,0.0,14.95
490150,2459,2023-12-06 20:21:34,fresha_insights,false,monthly,1,bookable_team_members,,0.0,6.784392409241483
490150,14201,2024-03-09 03:09:23,compensation,false,monthly,1,team_members,3,0.0,7.603797019569522
423620,13664,2024-03-05 17:19:34,compensation,true,monthly,1,team_members,1,0.0,5.57
965580,6933,2024-02-15 13:05:03,compensation,false,monthly,1,team_members,3,0.0,7.95
905725,2742,2023-12-17 17:14:48,fresha_insights,true,monthly,1,team_members,3,0.0,6.97
1013680,24602,2024-04-14 17:32:25,google_reviews,false,monthly,1,locations,1,0.0,14.547903886756302
841665,37629,2024-08-20 03:11:38,google_reviews,false,monthly,1,locations,2,0.0,14.95
841665,10191,2024-02-19 05:21:57,compensation,false,monthly,1,team_members,3,0.0,7.95
943810,13713,2024-03-05 22:04:38,compensation,false,monthly,1,team_members,1,0.0,7.95
943810,20314,2024-04-02 22:43:32,google_reviews,false,monthly,1,locations,1,0.0,14.95
494540,18094,2024-03-30 00:47:07,google_reviews,true,monthly,1,locations,1,0.0,14.95
932615,4726,2024-02-01 21:02:50,fresha_insights,true,monthly,1,team_members,1,0.0,9.95
795990,24117,2024-04-11 18:33:56,compensation,false,monthly,1,team_members,1,0.0,7.95
795990,21072,2024-04-03 18:12:21,fresha_insights,false,monthly,1,team_members,1,0.0,9.95
795990,22410,2024-04-08 17:29:05,google_reviews,false,monthly,1,locations,1,0.0,14.95
801160,27537,2024-05-06 13:09:14,google_reviews,false,monthly,1,locations,1,0.0,14.95
141945,30959,2024-06-04 15:34:32,fresha_insights,false,monthly,1,team_members,7,0.0,9.95
552725,2919,2023-12-22 14:36:47,fresha_insights,false,monthly,1,team_members,1,0.0,6.97
486835,40774,2024-09-26 21:34:51,fresha_insights,false,monthly,1,bookable_team_members,,0.0,9.687029079725557
486835,41187,2024-10-02 01:28:50,google_reviews,false,monthly,1,locations,1,0.0,14.547903886756302
213555,4776,2024-02-02 22:04:26,fresha_insights,false,monthly,1,team_members,1,0.0,9.95
1115520,19026,2024-04-02 05:04:25,google_reviews,false,monthly,1,locations,1,0.0,14.95
1115520,29565,2024-05-22 22:19:04,fresha_insights,false,monthly,1,team_members,3,0.0,9.95
1001010,22122,2024-04-07 21:56:17,google_reviews,false,monthly,1,locations,1,0.0,14.95
798525,3313,2024-01-04 00:38:39,fresha_insights,false,monthly,1,team_members,1,0.0,6.97
1213185,44017,2024-11-07 01:41:41,fresha_insights,false,monthly,1,bookable_team_members,,0.0,9.687029079725557
1102395,23738,2024-04-10 18:36:48,fresha_insights,false,monthly,1,team_members,1,0.0,9.95
749195,9519,2024-02-17 02:26:34,compensation,false,monthly,1,team_members,9,0.0,7.95
874550,44575,2024-11-14 18:16:37,compensation,true,monthly,1,team_members,2,0.0,7.95
471925,23055,2024-04-10 01:07:06,google_reviews,true,monthly,1,locations,1,0.0,14.547903886756302
471925,22146,2024-04-08 01:29:20,fresha_insights,false,monthly,1,bookable_team_members,,0.0,9.687029079725557
1043755,40108,2024-09-19 17:07:38,fresha_insights,true,monthly,1,team_members,4,0.0,9.95
769465,13930,2024-03-07 03:18:52,compensation,false,monthly,1,team_members,1,0.0,7.95
750405,43783,2024-11-04 16:01:03,google_reviews,false,monthly,1,locations,1,0.0,14.95
406920,24200,2024-04-12 00:03:59,google_reviews,false,monthly,1,locations,1,0.0,14.95
840100,1838,2023-11-16 22:30:07,fresha_insights,false,monthly,1,team_members,2,0.0,6.97
1153470,27643,2024-05-07 08:23:54,compensation,false,monthly,1,team_members,1,0.0,5.57
672975,37059,2024-08-12 00:54:53,google_reviews,false,monthly,1,locations,1,0.0,14.95
933445,18394,2024-03-30 16:44:59,compensation,false,monthly,1,team_members,3,0.0,7.95
1237505,34387,2024-07-10 21:26:26,google_reviews,true,monthly,1,locations,1,0.0,14.547903886756302
315465,31152,2024-06-06 01:41:05,compensation,false,monthly,1,team_members,6,0.0,3.041518807827809
315465,19992,2024-04-02 19:41:08,google_reviews,true,monthly,1,locations,1,0.0,14.547903886756302
60520,39351,2024-09-10 14:53:16,compensation,false,monthly,1,team_members,7,0.0,7.603797019569522
205470,4856,2024-02-06 18:19:29,fresha_insights,false,monthly,1,team_members,2,0.0,9.687029079725557
124105,21314,2024-04-04 05:37:08,google_reviews,false,monthly,1,locations,1,0.0,14.547903886756302
124105,24597,2024-04-14 16:44:38,compensation,false,monthly,1,locations,1,0.6944106867186779,0.0
191505,1358,2023-11-06 06:17:25,fresha_insights,false,monthly,1,team_members,1,0.0,6.97
1085355,36673,2024-08-07 00:54:18,compensation,true,monthly,1,team_members,4,0.0,7.95
1091470,10443,2024-02-19 20:45:08,compensation,false,monthly,1,locations,1,0.0,34.72053433593389
1091470,2853,2023-12-20 19:28:20,fresha_insights,true,monthly,1,locations,1,34.72053433593389,0.0
1237045,36021,2024-07-30 14:11:13,google_reviews,false,monthly,1,locations,1,0.0,14.95
148740,30980,2024-06-04 19:43:14,fresha_insights,false,monthly,1,bookable_team_members,,0.0,9.687029079725557
148740,16846,2024-03-28 21:26:13,google_reviews,true,monthly,1,locations,1,0.0,14.547903886756302
148740,30219,2024-05-29 00:23:50,compensation,false,monthly,1,team_members,10,0.0,3.805370563218355
429150,15557,2024-03-21 20:08:58,fresha_insights,false,monthly,1,bookable_team_members,,0.0,9.687029079725557
1132625,19655,2024-04-02 17:07:25,google_reviews,false,monthly,1,locations,1,0.0,14.547903886756302
135540,46815,2024-12-16 04:52:13,compensation,false,monthly,1,team_members,1,0.0,7.95
154500,19653,2024-04-02 17:06:54,google_reviews,false,monthly,1,locations,1,0.0,14.95
1077215,42610,2024-10-20 21:01:48,compensation,false,monthly,1,team_members,1,0.0,7.603797019569522
436260,19724,2024-04-02 17:36:30,google_reviews,false,monthly,1,locations,1,0.0,14.95
605210,13742,2024-03-06 01:51:30,fresha_insights,false,monthly,1,team_members,2,0.0,9.95
1134565,26275,2024-04-26 01:39:03,google_reviews,true,monthly,1,locations,1,0.0,14.95
1276200,34168,2024-07-08 19:51:33,google_reviews,true,yearly,1,locations,1,149.5,0.0
384620,30148,2024-05-28 14:58:52,google_reviews,false,monthly,1,locations,1,0.0,14.95
384620,2321,2023-12-01 16:35:03,fresha_insights,false,monthly,1,team_members,1,0.0,9.95
288065,4312,2024-01-24 21:47:43,fresha_insights,false,monthly,1,team_members,1,0.0,6.97
1103830,41645,2024-10-07 18:52:28,google_reviews,false,monthly,1,locations,1,0.0,14.95
225865,43870,2024-11-05 14:50:28,fresha_insights,false,monthly,1,team_members,1,0.0,9.95
225865,17636,2024-03-29 12:47:03,google_reviews,true,monthly,1,locations,1,0.0,14.95
1086200,21710,2024-04-05 14:13:39,compensation,false,monthly,1,team_members,1,0.0,7.95
883580,21598,2024-04-05 02:43:17,google_reviews,true,monthly,1,locations,1,0.0,14.547903886756302
1362340,40989,2024-09-30 06:19:41,google_reviews,true,monthly,1,locations,1,0.0,14.95
614320,19321,2024-04-02 12:48:48,fresha_insights,true,monthly,1,team_members,1,0.0,9.687029079725557
462410,1878,2023-11-17 20:53:09,fresha_insights,false,monthly,1,team_members,5,0.0,9.95
756595,9207,2024-02-16 14:13:27,compensation,false,monthly,1,team_members,1,0.0,7.95
142210,43200,2024-10-28 13:04:34,fresha_insights,true,monthly,1,team_members,1,0.0,9.687029079725557
611350,14507,2024-03-12 03:28:16,fresha_insights,false,monthly,1,team_members,5,0.0,9.687029079725557
792920,24987,2024-04-17 02:13:04,google_reviews,false,monthly,1,locations,1,0.0,14.95
6110,40017,2024-09-18 16:48:21,fresha_insights,false,monthly,1,team_members,11,0.0,9.95
685740,14683,2024-03-13 15:57:17,compensation,false,monthly,1,team_members,7,0.0,7.95
1026245,25548,2024-04-21 16:26:53,compensation,false,monthly,1,team_members,,0.0,7.95
1163560,10163,2024-02-19 02:52:03,compensation,false,monthly,1,team_members,1,0.0,7.603797019569522
566310,19531,2024-04-02 15:08:14,google_reviews,true,monthly,1,locations,1,0.0,14.95
218015,16944,2024-03-28 23:00:46,google_reviews,true,monthly,1,locations,1,0.0,14.95
193960,22139,2024-04-07 23:50:46,fresha_insights,false,monthly,1,team_members,5,0.0,9.95
569225,30332,2024-05-29 21:26:49,google_reviews,false,monthly,1,locations,1,0.0,14.547903886756302
569225,7916,2024-02-15 17:55:14,compensation,false,monthly,1,team_members,4,0.0,5.3261299671322595
1386065,44957,2024-11-19 19:34:01,fresha_insights,true,monthly,1,team_members,8,0.0,6.22
1386065,44152,2024-11-08 17:12:46,compensation,true,monthly,1,team_members,8,0.0,7.95
850935,19770,2024-04-02 17:56:58,google_reviews,false,monthly,1,locations,1,0.0,14.547903886756302
92510,26725,2024-04-29 19:19:56,compensation,true,monthly,1,team_members,10,0.0,6.36
1266115,32309,2024-06-19 08:09:50,fresha_insights,false,monthly,1,team_members,1,0.0,9.95
1132050,15979,2024-03-26 12:02:05,fresha_insights,false,monthly,1,team_members,1,0.0,9.95
937995,19823,2024-04-02 18:17:26,google_reviews,false,monthly,1,locations,1,0.0,14.95
144770,16130,2024-03-27 18:02:10,fresha_insights,false,monthly,1,team_members,1,0.0,9.95
76140,27733,2024-05-08 02:06:14,compensation,false,monthly,1,team_members,6,0.0,7.95
949915,21759,2024-04-05 19:05:03,google_reviews,false,monthly,1,locations,1,0.0,14.95
149440,23414,2024-04-10 11:57:44,google_reviews,false,monthly,1,locations,1,0.0,14.95
565295,17059,2024-03-29 02:14:19,compensation,false,monthly,1,team_members,,0.0,5.57
515660,15795,2024-03-24 19:58:22,compensation,false,monthly,1,team_members,3,0.0,7.603797019569522
1175135,37884,2024-08-23 03:00:02,google_reviews,false,monthly,1,locations,1,0.0,14.95
1175135,13149,2024-03-02 08:08:57,fresha_insights,false,monthly,1,team_members,,0.0,9.95
112445,15616,2024-03-22 12:31:35,compensation,true,monthly,1,team_members,3,0.0,1.98
775265,34883,2024-07-16 16:45:34,fresha_insights,false,monthly,1,team_members,1,0.0,9.95
1194465,40013,2024-09-18 16:02:15,google_reviews,false,monthly,1,locations,1,0.0,14.547903886756302
155270,1246,2023-11-04 02:31:39,fresha_insights,true,monthly,1,team_members,1,0.0,9.95
1036625,42772,2024-10-22 15:59:48,google_reviews,true,monthly,1,locations,1,0.0,14.547903886756302
189325,43313,2024-10-29 18:17:17,google_reviews,true,monthly,1,locations,1,0.0,15.95
549740,18122,2024-03-30 02:31:39,google_reviews,true,monthly,1,locations,1,0.0,14.547903886756302
144595,38205,2024-08-27 21:22:50,fresha_insights,false,monthly,1,team_members,14,0.0,9.95
755850,8947,2024-02-16 07:23:39,compensation,false,monthly,1,team_members,1,0.0,7.603797019569522
56855,7498,2024-02-15 15:26:25,compensation,false,monthly,1,team_members,8,0.0,7.95
828620,17859,2024-03-29 17:26:01,google_reviews,true,monthly,1,locations,1,0.0,14.547903886756302
755910,19996,2024-04-02 19:43:15,google_reviews,true,monthly,1,locations,1,0.0,14.95
52855,46669,2024-12-13 13:42:29,fresha_insights,false,monthly,1,team_members,2,0.0,9.95
470010,17464,2024-03-29 09:46:22,google_reviews,false,monthly,1,locations,1,0.0,14.547903886756302
795920,25276,2024-04-19 03:25:57,google_reviews,false,monthly,1,locations,1,0.0,14.95
444270,29906,2024-05-26 12:54:05,google_reviews,true,monthly,1,locations,1,0.0,14.95
1117150,3984,2024-01-19 21:42:34,fresha_insights,false,monthly,1,team_members,1,0.0,6.97
1331350,38523,2024-08-31 05:48:23,compensation,false,monthly,1,team_members,2,0.0,7.95
204725,28259,2024-05-12 21:19:42,fresha_insights,true,monthly,1,locations,2,0.6944106867186779,0.0
204725,35215,2024-07-19 21:56:18,compensation,false,monthly,1,locations,2,0.6944106867186779,0.0
698785,7001,2024-02-15 13:19:59,compensation,false,monthly,1,team_members,5,0.0,7.603797019569522
969120,30973,2024-06-04 19:01:40,google_reviews,false,monthly,1,locations,1,0.0,14.95
1182105,42628,2024-10-21 01:05:15,google_reviews,false,monthly,1,locations,1,0.0,14.95
84485,10346,2024-02-19 15:06:51,compensation,true,monthly,1,team_members,4,0.0,5.57
1083275,12661,2024-02-29 00:02:03,compensation,false,monthly,1,team_members,5,0.0,7.95
290230,35217,2024-07-19 22:10:02,google_reviews,false,monthly,1,locations,1,0.0,14.95
62965,34783,2024-07-15 18:32:10,google_reviews,true,monthly,1,locations,1,0.0,14.95
62965,37804,2024-08-22 04:07:44,compensation,false,monthly,1,team_members,4,0.0,7.95
1085805,42354,2024-10-17 06:16:00,fresha_insights,true,monthly,1,team_members,1,0.0,9.687029079725557
67285,758,2023-10-31 20:21:56,fresha_insights,true,monthly,1,team_members,3,0.0,6.97
408915,905,2023-11-01 18:22:25,fresha_insights,false,monthly,1,team_members,7,0.0,9.95
408915,9415,2024-02-16 20:52:51,compensation,false,monthly,1,team_members,7,0.0,7.95
688790,22550,2024-04-08 21:14:14,fresha_insights,false,monthly,1,team_members,4,0.0,9.95
688790,20205,2024-04-02 21:24:24,google_reviews,false,monthly,1,locations,1,0.0,14.95
344005,12489,2024-02-28 04:49:53,fresha_insights,false,monthly,1,bookable_team_members,,0.0,9.687029079725557
941225,11477,2024-02-22 23:13:54,compensation,false,monthly,1,team_members,1,0.0,7.95
938180,20372,2024-04-02 23:40:08,google_reviews,false,monthly,1,locations,1,0.0,14.95
63620,2220,2023-11-28 22:15:19,fresha_insights,false,monthly,1,bookable_team_members,,0.0,9.687029079725557
63620,16726,2024-03-28 19:35:50,google_reviews,true,monthly,1,locations,3,0.0,14.547903886756302
716125,6708,2024-02-15 12:26:19,compensation,false,monthly,1,team_members,1,0.0,7.603797019569522
624020,1235,2023-11-03 23:31:28,fresha_insights,false,yearly,1,team_members,9,334.32,0.0
1301450,37771,2024-08-21 17:14:48,compensation,true,monthly,1,team_members,18,0.0,7.95
632095,47525,2024-12-27 17:23:51,fresha_insights,false,monthly,1,bookable_team_members,,0.0,9.687029079725557
1048150,813,2023-11-01 03:59:33,fresha_insights,true,monthly,1,team_members,1,0.0,6.784392409241483
509395,18433,2024-03-30 20:13:55,google_reviews,false,monthly,1,locations,1,0.0,14.95
1347710,42919,2024-10-24 09:03:42,compensation,false,monthly,1,team_members,6,0.0,7.95
69970,20298,2024-04-02 22:26:21,google_reviews,true,monthly,1,locations,1,14.95,0.0
69970,31221,2024-06-06 18:18:26,fresha_insights,true,monthly,1,locations,1,0.0,25.0
69970,31233,2024-06-06 20:04:47,compensation,true,monthly,1,locations,1,0.0,25.0
142185,30886,2024-06-04 03:28:59,compensation,false,monthly,1,team_members,37,0.0,7.603797019569522
675035,22385,2024-04-08 16:44:00,google_reviews,false,monthly,1,locations,1,0.0,14.547903886756302
675035,7084,2024-02-15 13:39:02,compensation,false,monthly,1,team_members,4,0.0,5.3261299671322595
675035,45207,2024-11-22 20:47:38,fresha_insights,false,monthly,1,bookable_team_members,,0.0,9.687029079725557
1269290,32759,2024-06-24 15:12:13,google_reviews,false,monthly,1,locations,1,0.0,14.95
113505,30159,2024-05-28 16:32:21,compensation,true,monthly,1,team_members,12,0.0,7.95
113505,30179,2024-05-28 18:02:04,fresha_insights,false,monthly,1,team_members,12,0.0,9.95
660605,19802,2024-04-02 18:08:48,google_reviews,true,monthly,1,locations,1,0.0,14.547903886756302
1167550,15646,2024-03-22 18:58:49,compensation,true,yearly,1,locations,1,402.3901606328723,0.0
1167550,25089,2024-04-17 17:54:07,fresha_insights,true,monthly,1,locations,1,0.6944106867186779,0.0
868200,19002,2024-04-02 02:14:51,google_reviews,true,monthly,1,locations,1,0.0,14.95
868200,19003,2024-04-02 02:15:14,fresha_insights,true,monthly,1,team_members,1,0.0,9.95
1066295,47713,2024-12-31 04:48:38,fresha_insights,false,monthly,1,team_members,1,0.0,9.687029079725557
418570,30192,2024-05-28 19:35:14,google_reviews,false,monthly,1,locations,1,0.0,14.95
505335,23020,2024-04-09 20:54:07,google_reviews,true,monthly,1,locations,1,0.0,14.95
1272285,32897,2024-06-25 22:05:55,compensation,false,monthly,1,team_members,1,0.0,7.95
421925,3383,2024-01-05 18:39:31,fresha_insights,true,monthly,1,team_members,5,0.0,6.784392409241483
310455,7652,2024-02-15 16:11:00,compensation,false,monthly,1,team_members,,0.0,7.95
803880,37775,2024-08-21 18:26:54,compensation,false,monthly,1,team_members,3,0.0,7.603797019569522
803880,28286,2024-05-13 02:49:34,google_reviews,false,monthly,1,locations,1,0.0,14.547903886756302
234610,27294,2024-05-03 21:14:36,google_reviews,true,monthly,1,locations,1,0.0,14.95
592135,17034,2024-03-29 01:15:27,google_reviews,true,monthly,1,locations,1,0.0,14.95
592135,31555,2024-06-10 18:29:40,fresha_insights,true,monthly,1,team_members,1,0.0,9.95
1026235,23719,2024-04-10 18:01:45,google_reviews,false,monthly,1,locations,1,0.0,14.95
1264720,32099,2024-06-17 00:45:27,compensation,false,monthly,1,team_members,,0.0,7.603797019569522
1116340,39861,2024-09-16 20:59:42,compensation,false,monthly,1,team_members,2,0.0,7.95
565995,4714,2024-02-01 15:34:36,fresha_insights,true,monthly,1,team_members,1,0.0,9.687029079725557
26220,18349,2024-03-30 14:06:49,google_reviews,true,monthly,1,locations,1,0.0,14.95
10310,24796,2024-04-15 20:16:44,google_reviews,false,monthly,1,locations,1,0.0,14.95
1180570,23578,2024-04-10 14:21:10,google_reviews,true,monthly,1,locations,1,0.0,14.547903886756302
626985,30490,2024-05-31 03:21:17,compensation,false,monthly,1,team_members,14,0.0,5.069198013046348
626985,30488,2024-05-31 03:14:57,fresha_insights,false,monthly,1,bookable_team_members,,0.0,9.687029079725557
604965,1248,2023-11-04 04:02:33,fresha_insights,false,monthly,1,team_members,1,0.0,9.95
1152895,32379,2024-06-19 23:37:36,compensation,false,monthly,1,team_members,8,0.0,7.603797019569522
1333825,40675,2024-09-25 18:26:56,compensation,false,monthly,1,team_members,2,0.0,7.603797019569522
1351100,40224,2024-09-20 19:58:48,compensation,false,monthly,1,team_members,3,0.0,7.95
173495,568,2023-10-31 00:08:45,fresha_insights,false,monthly,1,team_members,1,0.0,9.95
491010,40528,2024-09-24 17:09:28,compensation,true,monthly,1,team_members,4,0.0,7.95
1350580,41454,2024-10-04 22:07:14,google_reviews,false,monthly,1,locations,1,0.0,14.95
545820,22886,2024-04-09 12:14:32,google_reviews,false,monthly,1,locations,1,0.0,14.95
537575,32166,2024-06-17 19:09:38,fresha_insights,true,monthly,1,team_members,11,0.0,9.95
537575,27872,2024-05-09 01:26:35,compensation,true,monthly,1,team_members,11,0.0,5.57
537575,17759,2024-03-29 15:04:00,google_reviews,true,monthly,1,locations,1,0.0,14.95
344295,7380,2024-02-15 14:54:25,compensation,false,monthly,1,team_members,3,0.0,5.57
344295,24010,2024-04-11 12:09:45,google_reviews,false,monthly,1,locations,1,0.0,14.95
43270,3067,2023-12-27 19:02:26,fresha_insights,true,monthly,1,team_members,1,0.0,6.97
43270,11071,2024-02-21 19:57:15,compensation,true,monthly,1,team_members,1,0.0,7.95
43270,17772,2024-03-29 15:14:35,google_reviews,true,monthly,1,locations,1,0.0,14.95
462435,16033,2024-03-26 22:24:56,fresha_insights,false,monthly,1,bookable_team_members,,0.0,9.687029079725557
585570,27480,2024-05-05 22:44:29,google_reviews,false,monthly,1,locations,1,0.0,14.547903886756302
585570,40660,2024-09-25 16:47:19,compensation,false,monthly,1,team_members,6,0.0,7.603797019569522
1176225,14044,2024-03-07 21:48:47,compensation,false,monthly,1,team_members,4,0.0,7.95
442225,20026,2024-04-02 19:53:59,google_reviews,true,monthly,1,locations,1,0.0,14.95
442225,2511,2023-12-08 15:12:50,fresha_insights,false,monthly,1,team_members,7,0.0,9.95
21075,37369,2024-08-15 20:44:37,compensation,false,monthly,1,team_members,6,0.0,7.95
135225,27485,2024-05-06 00:04:00,fresha_insights,false,monthly,1,team_members,12,0.0,9.95
135225,7416,2024-02-15 15:02:10,compensation,true,monthly,1,team_members,12,0.0,7.95
1245920,32766,2024-06-24 16:06:45,compensation,true,monthly,1,locations,1,1.0,0.0
1245920,39595,2024-09-12 23:18:56,fresha_insights,false,monthly,1,locations,1,0.0,9.95
1006925,42693,2024-10-21 18:17:03,compensation,false,monthly,1,team_members,2,0.0,7.603797019569522
1006925,22608,2024-04-09 00:10:44,google_reviews,false,monthly,1,locations,1,0.0,14.547903886756302
998060,29393,2024-05-21 18:37:46,compensation,false,monthly,1,team_members,,0.0,7.95
1162170,9402,2024-02-16 20:26:22,compensation,false,monthly,1,team_members,1,0.0,7.95
60135,15180,2024-03-18 14:18:54,google_reviews,false,monthly,1,locations,2,0.0,14.547903886756302
1297775,35625,2024-07-25 00:08:29,compensation,false,monthly,1,team_members,1,0.0,7.603797019569522
834490,38387,2024-08-29 17:00:54,google_reviews,true,monthly,1,locations,1,0.0,14.95
299755,26235,2024-04-25 19:57:45,google_reviews,true,monthly,1,locations,1,0.0,14.547903886756302
797550,11701,2024-02-23 19:17:51,compensation,false,monthly,1,team_members,1,0.0,7.95
1175355,18584,2024-03-31 13:10:40,google_reviews,true,monthly,1,locations,1,0.0,14.547903886756302
942995,1080,2023-11-02 18:38:02,fresha_insights,false,monthly,1,team_members,1,0.0,9.95
786060,18062,2024-03-29 23:31:49,google_reviews,false,monthly,1,locations,1,0.0,14.95
839115,40697,2024-09-26 00:21:47,google_reviews,false,monthly,1,locations,1,0.0,14.95
909860,11902,2024-02-24 19:13:32,compensation,false,monthly,1,team_members,3,0.0,7.95
1354900,42965,2024-10-24 20:52:53,google_reviews,false,monthly,1,locations,1,0.0,14.95
480925,9220,2024-02-16 14:28:52,compensation,false,monthly,1,team_members,2,0.0,7.95
832885,31782,2024-06-13 00:25:56,google_reviews,false,monthly,1,locations,1,0.0,14.95
645245,45718,2024-11-29 20:39:31,compensation,false,monthly,1,team_members,2,0.0,7.95
1284005,35225,2024-07-20 02:03:09,fresha_insights,true,monthly,1,team_members,4,0.0,9.95
181970,42569,2024-10-20 08:35:06,google_reviews,false,monthly,1,locations,1,0.0,14.547903886756302
1409375,46030,2024-12-04 03:18:47,compensation,false,monthly,1,team_members,1,0.0,7.95
7395,38417,2024-08-29 23:29:52,google_reviews,false,monthly,1,locations,2,0.0,14.95
163250,18890,2024-04-01 17:52:53,google_reviews,false,monthly,1,locations,1,0.0,14.95
988660,17764,2024-03-29 15:10:07,google_reviews,false,monthly,1,locations,1,0.0,14.547903886756302
988660,12066,2024-02-25 20:54:34,compensation,false,monthly,1,team_members,3,0.0,7.603797019569522
988660,3705,2024-01-14 18:57:54,fresha_insights,false,monthly,1,team_members,3,0.0,6.784392409241483
1043890,31558,2024-06-10 20:10:06,fresha_insights,false,monthly,1,team_members,1,0.0,9.95
1043890,22335,2024-04-08 15:30:34,google_reviews,false,monthly,1,locations,1,0.0,14.95
1178150,26828,2024-04-30 15:00:26,fresha_insights,false,monthly,1,team_members,1,0.0,9.95
517175,28673,2024-05-15 22:22:14,compensation,false,monthly,1,locations,1,0.6944106867186779,0.0
534980,10980,2024-02-21 16:21:50,compensation,false,monthly,1,team_members,4,0.0,7.603797019569522
489620,20056,2024-04-02 20:09:30,google_reviews,false,monthly,1,locations,1,0.0,14.547903886756302
942755,16771,2024-03-28 20:11:43,google_reviews,false,monthly,1,locations,1,0.0,14.95
942755,25363,2024-04-19 16:05:22,fresha_insights,false,monthly,1,team_members,47,0.0,6.0
619720,28516,2024-05-14 16:31:29,compensation,true,monthly,1,locations,2,1.0,0.0
619720,28653,2024-05-15 19:25:07,google_reviews,true,monthly,1,locations,2,0.0,14.95
619720,11654,2024-02-23 16:31:23,fresha_insights,true,monthly,1,team_members,12,0.0,9.95
338350,27920,2024-05-09 11:23:05,fresha_insights,false,monthly,1,team_members,2,0.0,9.95
654170,12837,2024-02-29 19:08:50,compensation,true,monthly,1,team_members,11,0.0,7.95
1308125,41521,2024-10-05 20:12:05,fresha_insights,true,monthly,1,team_members,2,0.0,9.687029079725557
1308125,41530,2024-10-05 22:07:10,google_reviews,true,monthly,1,locations,1,0.0,14.547903886756302
658760,19784,2024-04-02 18:03:04,google_reviews,true,monthly,1,locations,1,0.0,14.95
658760,29437,2024-05-22 02:01:26,compensation,true,monthly,1,team_members,8,0.0,7.95
558585,19854,2024-04-02 18:28:29,google_reviews,false,monthly,1,locations,1,0.0,14.547903886756302
558585,8450,2024-02-15 22:09:14,compensation,false,monthly,1,team_members,8,0.0,2.666537036999723
1197840,26253,2024-04-25 21:58:06,fresha_insights,false,monthly,1,team_members,1,0.0,9.95
1197840,16311,2024-03-28 14:54:28,google_reviews,false,monthly,1,locations,1,0.0,14.95
382700,11308,2024-02-22 15:58:30,compensation,false,monthly,1,team_members,10,0.0,7.95
196720,38103,2024-08-26 15:26:22,google_reviews,true,monthly,1,locations,1,0.0,14.547903886756302
47860,21924,2024-04-06 15:31:23,google_reviews,false,monthly,1,locations,1,0.0,14.95
47860,33071,2024-06-27 16:39:57,compensation,true,yearly,1,locations,1,0.0,24.0
367685,28858,2024-05-17 01:03:41,google_reviews,true,monthly,1,locations,1,0.0,14.95
655485,41396,2024-10-04 07:15:25,compensation,true,monthly,1,team_members,5,0.0,7.95
181955,1791,2023-11-15 22:56:20,fresha_insights,true,monthly,1,team_members,2,0.0,6.784392409241483
1286075,35959,2024-07-29 20:27:16,google_reviews,true,monthly,1,locations,1,0.0,14.95
1286075,34898,2024-07-16 19:54:17,compensation,true,monthly,1,team_members,10,0.0,7.95
1286075,34900,2024-07-16 20:08:02,fresha_insights,true,monthly,1,team_members,10,0.0,9.95
1015130,4881,2024-02-07 14:08:51,fresha_insights,false,monthly,1,team_members,1,0.0,9.95
140955,45068,2024-11-21 04:45:14,google_reviews,true,monthly,1,locations,1,0.0,14.95
175125,19861,2024-04-02 18:34:01,google_reviews,false,monthly,1,locations,1,0.0,14.547903886756302
619100,17664,2024-03-29 13:26:32,google_reviews,true,monthly,1,locations,1,0.0,14.95
290235,7769,2024-02-15 16:49:07,compensation,false,monthly,1,team_members,2,0.0,5.3261299671322595
432780,1629,2023-11-11 19:02:20,fresha_insights,true,monthly,1,team_members,14,0.0,9.95
410450,32152,2024-06-17 15:28:02,fresha_insights,false,monthly,1,team_members,5,0.0,9.95
715050,16662,2024-03-28 18:35:10,google_reviews,false,monthly,1,locations,1,0.0,14.547903886756302
715050,30460,2024-05-30 18:16:53,compensation,false,monthly,1,team_members,3,0.0,7.603797019569522
1298345,37914,2024-08-23 14:08:40,fresha_insights,true,monthly,1,team_members,1,0.0,9.95
305190,31480,2024-06-09 20:53:34,compensation,false,monthly,1,team_members,4,0.0,7.95
529980,3687,2024-01-14 02:01:17,fresha_insights,false,monthly,1,team_members,49,0.0,9.95
827805,24482,2024-04-13 13:24:53,google_reviews,false,monthly,1,locations,1,0.0,14.547903886756302
36870,16777,2024-03-28 20:16:43,google_reviews,true,monthly,1,locations,1,0.0,14.95
342900,1785,2023-11-15 20:06:55,fresha_insights,false,monthly,1,team_members,3,0.0,6.97
1321275,40458,2024-09-24 01:15:58,compensation,true,monthly,1,team_members,4,0.0,7.95
142310,46877,2024-12-16 20:27:58,google_reviews,true,monthly,1,locations,1,0.0,14.547903886756302
504590,732,2023-10-31 17:53:37,fresha_insights,false,monthly,1,team_members,38,0.0,2.65
296980,1637,2023-11-12 01:26:39,fresha_insights,false,monthly,1,team_members,5,0.0,6.784392409241483
296980,19964,2024-04-02 19:24:23,google_reviews,false,monthly,1,locations,1,0.0,14.547903886756302
296980,19972,2024-04-02 19:29:15,compensation,false,monthly,1,team_members,5,0.0,7.603797019569522
1210525,27974,2024-05-09 19:52:14,compensation,false,monthly,1,team_members,9,0.0,0.6944106867186779
143335,11634,2024-02-23 15:38:12,compensation,true,monthly,1,team_members,31,0.0,5.57
24170,2288,2023-11-30 17:21:13,fresha_insights,false,monthly,1,bookable_team_members,,0.0,9.687029079725557
24170,11349,2024-02-22 17:48:32,compensation,false,monthly,1,team_members,8,0.0,7.603797019569522
478005,43886,2024-11-05 18:12:32,compensation,true,monthly,1,locations,2,45.0,0.0
92060,30456,2024-05-30 17:57:04,compensation,false,monthly,1,locations,1,0.0,0.6944106867186779
1131190,34818,2024-07-16 00:10:37,compensation,false,monthly,1,team_members,1,0.0,7.95
851040,38431,2024-08-30 04:50:10,google_reviews,true,monthly,1,locations,1,0.0,14.95
128780,36664,2024-08-06 23:22:24,fresha_insights,true,monthly,1,team_members,35,0.0,9.687029079725557
804295,44112,2024-11-08 02:20:11,google_reviews,false,monthly,1,locations,1,0.0,14.95
243630,22248,2024-04-08 13:37:47,google_reviews,false,monthly,1,locations,1,0.0,14.547903886756302
764885,38887,2024-09-04 15:55:57,google_reviews,true,monthly,1,locations,1,0.0,14.547903886756302
764885,46187,2024-12-05 19:41:27,fresha_insights,true,monthly,1,team_members,4,0.0,9.687029079725557
764885,35599,2024-07-24 18:48:10,compensation,false,monthly,1,team_members,4,0.0,7.603797019569522
1015190,31024,2024-06-05 02:38:33,fresha_insights,false,monthly,1,team_members,60,0.0,9.95
493950,1227,2023-11-03 21:09:40,fresha_insights,true,monthly,1,team_members,12,0.0,6.97
244190,3283,2024-01-03 04:52:31,fresha_insights,false,monthly,1,team_members,1,0.0,6.97
540845,15269,2024-03-19 04:08:53,compensation,false,monthly,1,team_members,1,0.0,7.95
1097660,13960,2024-03-07 09:53:26,fresha_insights,false,monthly,1,team_members,3,0.0,9.95
1097660,38690,2024-09-02 14:11:46,google_reviews,false,monthly,1,locations,2,0.0,14.95
1211635,47020,2024-12-18 19:45:23,fresha_insights,true,monthly,1,team_members,1,0.0,9.687029079725557
1317570,37604,2024-08-19 19:55:03,compensation,true,monthly,1,team_members,2,0.0,7.95
252485,41050,2024-09-30 18:10:53,fresha_insights,false,monthly,1,team_members,14,0.0,9.95
29725,4112,2024-01-23 16:07:20,fresha_insights,false,monthly,1,team_members,1,0.0,6.97
276640,2103,2023-11-24 21:53:56,fresha_insights,false,monthly,1,bookable_team_members,,0.0,9.687029079725557
529120,20584,2024-04-03 04:36:23,google_reviews,false,monthly,1,locations,1,0.0,14.95
1039085,28695,2024-05-16 04:04:08,google_reviews,true,monthly,1,locations,1,0.0,14.95
590485,30039,2024-05-27 17:18:38,google_reviews,true,monthly,1,locations,1,0.0,14.95
533030,18935,2024-04-01 20:51:47,google_reviews,true,monthly,1,locations,1,0.0,14.95
1405515,44793,2024-11-17 22:47:13,compensation,false,monthly,1,team_members,2,0.0,7.95
559740,1679,2023-11-13 07:27:31,fresha_insights,false,monthly,1,team_members,1,0.0,6.97
1088120,46247,2024-12-06 16:18:45,fresha_insights,true,monthly,1,team_members,13,0.0,9.687029079725557
594240,34479,2024-07-11 17:41:33,google_reviews,false,monthly,1,locations,1,0.0,14.547903886756302
663190,17884,2024-03-29 18:05:21,google_reviews,false,monthly,1,locations,1,0.0,14.547903886756302
663190,40032,2024-09-18 19:26:05,fresha_insights,false,monthly,1,bookable_team_members,,0.0,9.687029079725557
153820,33737,2024-07-04 03:05:24,google_reviews,true,monthly,1,locations,1,0.0,14.95
153820,30465,2024-05-30 18:53:10,compensation,false,monthly,1,team_members,9,0.0,7.95
228755,16760,2024-03-28 20:04:30,google_reviews,true,monthly,1,locations,1,0.0,14.95
398770,1919,2023-11-20 00:09:04,fresha_insights,false,monthly,1,team_members,17,0.0,6.97
218980,19835,2024-04-02 18:21:42,google_reviews,false,monthly,1,locations,1,0.0,14.95
242330,18447,2024-03-30 21:38:29,fresha_insights,true,monthly,1,team_members,1,0.0,9.95
531400,29719,2024-05-24 03:52:17,fresha_insights,false,monthly,1,bookable_team_members,,0.0,9.687029079725557
1256070,36473,2024-08-04 16:55:59,fresha_insights,true,monthly,1,team_members,1,0.0,9.687029079725557
662600,23269,2024-04-10 09:46:00,google_reviews,false,monthly,1,locations,1,0.0,14.95
96185,4602,2024-01-30 19:04:34,fresha_insights,false,monthly,1,team_members,2,0.0,6.97
852025,24377,2024-04-12 18:27:34,google_reviews,true,monthly,1,locations,1,0.0,14.95
426905,7611,2024-02-15 15:59:09,compensation,true,monthly,1,team_members,6,0.0,7.95
488695,30736,2024-06-02 18:42:31,compensation,true,monthly,1,team_members,7,0.0,7.95
488695,30739,2024-06-02 19:35:33,google_reviews,true,monthly,1,locations,1,0.0,14.95
594785,36328,2024-08-02 13:13:56,fresha_insights,true,monthly,1,team_members,22,0.0,9.95
74450,19686,2024-04-02 17:20:14,google_reviews,false,monthly,1,locations,2,0.0,14.547903886756302
301040,2212,2023-11-28 19:34:26,fresha_insights,true,monthly,1,team_members,3,0.0,6.97
301040,7099,2024-02-15 13:41:38,compensation,true,monthly,1,team_members,3,0.0,5.57
97310,30972,2024-06-04 18:46:27,google_reviews,true,monthly,1,locations,1,0.0,14.95
780090,4444,2024-01-26 12:53:04,fresha_insights,false,monthly,1,team_members,1,0.0,6.97
12765,20415,2024-04-03 00:35:57,google_reviews,true,monthly,1,locations,1,0.0,14.95
1291705,37415,2024-08-16 14:44:47,compensation,false,monthly,1,team_members,2,0.0,7.95
1291705,37418,2024-08-16 15:15:27,google_reviews,false,monthly,1,locations,1,0.0,14.95
1135810,20507,2024-04-03 02:47:15,google_reviews,true,monthly,1,locations,1,0.0,14.547903886756302
35085,16328,2024-03-28 15:02:12,google_reviews,false,monthly,1,locations,1,0.0,14.95
1364305,41436,2024-10-04 16:50:29,compensation,true,monthly,1,team_members,5,0.0,0.0
1364305,41451,2024-10-04 20:49:09,fresha_insights,true,monthly,1,team_members,5,0.0,0.0
67170,3943,2024-01-19 02:31:39,fresha_insights,false,monthly,1,team_members,2,0.0,6.97
60170,19530,2024-04-02 15:06:31,google_reviews,true,monthly,1,locations,1,0.0,14.95
53980,16918,2024-03-28 22:36:12,google_reviews,true,monthly,1,locations,1,0.0,14.95
1187705,39273,2024-09-09 21:13:44,compensation,false,monthly,1,team_members,4,0.0,7.603797019569522
436465,20078,2024-04-02 20:22:07,google_reviews,false,monthly,1,locations,1,0.0,14.95
436465,13666,2024-03-05 17:22:56,compensation,true,monthly,1,team_members,5,0.0,7.95
436465,29424,2024-05-21 23:55:09,fresha_insights,false,monthly,1,team_members,5,0.0,9.95
561970,16598,2024-03-28 17:40:43,google_reviews,true,monthly,1,locations,2,0.0,14.547903886756302
1163095,12897,2024-03-01 02:28:23,compensation,false,monthly,1,team_members,4,0.0,7.95
1163095,17711,2024-03-29 14:10:42,google_reviews,true,monthly,1,locations,1,0.0,14.95
1163095,12857,2024-02-29 21:07:35,fresha_insights,true,monthly,1,team_members,4,0.0,9.95
1031310,21130,2024-04-03 20:20:42,compensation,false,monthly,1,team_members,1,0.0,7.95
202905,19830,2024-04-02 18:20:32,google_reviews,false,monthly,1,locations,1,0.0,14.547903886756302
392240,25290,2024-04-19 07:35:50,compensation,false,monthly,1,team_members,1,0.0,7.95
392240,25291,2024-04-19 07:37:07,fresha_insights,false,monthly,1,team_members,1,0.0,9.95
712440,45042,2024-11-20 19:23:06,google_reviews,true,monthly,1,locations,1,0.0,14.95
718690,47745,2024-12-31 17:48:07,compensation,false,monthly,1,team_members,2,0.0,7.95
433630,2726,2023-12-16 20:48:00,fresha_insights,false,monthly,1,team_members,1,0.0,9.95
474480,3889,2024-01-18 03:05:33,fresha_insights,false,monthly,1,team_members,1,0.0,6.97
243810,1635,2023-11-11 22:28:56,fresha_insights,false,monthly,1,team_members,17,0.0,6.97
191400,19631,2024-04-02 17:02:28,google_reviews,false,monthly,1,locations,1,0.0,14.547903886756302
677980,1331,2023-11-05 18:25:54,fresha_insights,true,monthly,1,team_members,1,0.0,6.97
158920,31261,2024-06-07 03:46:13,google_reviews,false,monthly,1,locations,1,0.0,14.547903886756302
510930,19005,2024-04-02 02:22:41,fresha_insights,false,monthly,1,bookable_team_members,,0.0,9.687029079725557
1097465,33683,2024-07-03 17:10:25,google_reviews,true,monthly,1,locations,1,0.0,14.95
1266330,44937,2024-11-19 15:34:41,compensation,true,monthly,1,team_members,4,0.0,7.95
934735,1863,2023-11-17 16:16:54,fresha_insights,false,monthly,1,bookable_team_members,,0.0,9.687029079725557
934735,16378,2024-03-28 15:21:12,google_reviews,false,monthly,1,locations,1,0.0,14.547903886756302
934735,29548,2024-05-22 18:38:19,compensation,true,monthly,1,team_members,9,0.0,7.603797019569522
1151295,42953,2024-10-24 16:51:19,compensation,false,monthly,1,team_members,2,0.0,7.95
1151295,38577,2024-09-01 02:57:15,google_reviews,false,monthly,1,locations,1,0.0,14.95
1163335,12366,2024-02-27 14:49:52,fresha_insights,false,monthly,1,team_members,2,0.0,9.95
1163335,10006,2024-02-18 16:18:55,compensation,false,monthly,1,team_members,2,0.0,7.95
777190,39232,2024-09-09 14:14:47,fresha_insights,true,monthly,1,team_members,2,0.0,9.687029079725557
592540,38957,2024-09-05 08:22:10,fresha_insights,false,monthly,1,bookable_team_members,,0.0,9.687029079725557
1400775,45070,2024-11-21 05:17:39,compensation,false,monthly,1,team_members,1,0.0,7.95
714655,16351,2024-03-28 15:12:40,google_reviews,true,monthly,1,locations,1,0.0,14.95
258645,26260,2024-04-25 22:27:31,google_reviews,true,monthly,1,locations,1,0.0,14.95
258645,26257,2024-04-25 22:13:37,compensation,true,monthly,1,team_members,15,0.0,5.57
1034235,16493,2024-03-28 16:22:16,google_reviews,false,monthly,1,locations,1,0.0,14.95
36950,10465,2024-02-19 22:21:47,compensation,false,monthly,1,team_members,11,0.0,5.3261299671322595
36950,29399,2024-05-21 19:28:22,google_reviews,false,monthly,1,locations,1,0.0,14.547903886756302
36950,3026,2023-12-26 04:36:59,fresha_insights,true,monthly,1,team_members,11,0.0,6.784392409241483
100125,24939,2024-04-16 18:42:34,fresha_insights,false,monthly,1,bookable_team_members,,0.0,9.687029079725557
100125,24935,2024-04-16 18:15:24,compensation,false,monthly,1,team_members,78,0.0,7.603797019569522
1334855,41381,2024-10-04 03:14:20,compensation,false,monthly,1,team_members,1,0.0,7.95
87585,11420,2024-02-22 19:51:09,compensation,false,monthly,1,team_members,1,0.0,7.603797019569522
39325,29867,2024-05-25 21:14:09,fresha_insights,true,monthly,1,team_members,4,0.0,9.95
39325,29053,2024-05-18 16:33:56,compensation,true,monthly,1,team_members,4,0.0,7.95
742760,16708,2024-03-28 19:22:34,google_reviews,true,monthly,1,locations,1,0.0,14.95
478760,21038,2024-04-03 16:24:02,google_reviews,false,monthly,1,locations,1,0.0,14.95
761750,547,2023-10-30 22:25:38,fresha_insights,false,monthly,1,bookable_team_members,,0.0,9.687029079725557
1424835,46565,2024-12-11 18:06:04,google_reviews,true,monthly,1,locations,1,0.0,14.95
1277145,41189,2024-10-02 01:38:06,google_reviews,false,monthly,1,locations,1,0.0,14.95
1277145,37261,2024-08-14 15:47:01,compensation,false,monthly,1,team_members,15,0.0,7.95
120905,18341,2024-03-30 13:23:34,google_reviews,false,monthly,1,locations,1,0.0,14.547903886756302
1246465,42614,2024-10-20 21:50:21,google_reviews,false,monthly,1,locations,1,0.0,14.95
1246465,31663,2024-06-11 21:16:28,compensation,true,monthly,1,team_members,2,0.0,7.95
375895,29877,2024-05-26 01:16:51,google_reviews,false,monthly,1,locations,1,0.0,14.95
375895,33348,2024-06-30 17:14:30,compensation,false,monthly,1,team_members,2,0.0,7.95
430925,45064,2024-11-21 02:10:11,google_reviews,true,monthly,1,locations,1,0.0,14.547903886756302
383125,19678,2024-04-02 17:16:04,google_reviews,false,monthly,1,locations,1,0.0,14.95
1096230,2262,2023-11-30 00:48:20,fresha_insights,false,monthly,1,team_members,1,0.0,9.95
826990,3079,2023-12-28 04:40:28,fresha_insights,true,monthly,1,team_members,1,0.0,6.97
826990,17070,2024-03-29 02:36:35,google_reviews,false,monthly,1,locations,1,0.0,14.95
790570,23912,2024-04-11 04:13:26,google_reviews,false,monthly,1,locations,1,0.0,14.95
161555,18101,2024-03-30 01:16:32,google_reviews,false,monthly,1,locations,1,0.0,14.547903886756302
1136260,35630,2024-07-25 00:37:20,google_reviews,false,monthly,1,locations,1,0.0,14.547903886756302
66150,1870,2023-11-17 18:27:11,fresha_insights,false,monthly,1,team_members,6,0.0,6.97
66150,30175,2024-05-28 17:39:36,compensation,true,monthly,1,team_members,6,0.0,7.95
849405,13438,2024-03-04 15:22:57,compensation,true,monthly,1,team_members,1,0.0,7.95
1171965,13729,2024-03-05 23:22:36,compensation,false,monthly,1,team_members,1,0.0,7.603797019569522
718865,46867,2024-12-16 18:32:48,fresha_insights,false,monthly,1,bookable_team_members,,0.0,9.687029079725557
718865,21261,2024-04-04 02:16:34,google_reviews,true,monthly,1,locations,1,0.0,14.547903886756302
1021990,35616,2024-07-24 20:43:49,google_reviews,true,monthly,1,locations,1,0.0,14.547903886756302
259685,41918,2024-10-11 00:38:47,compensation,false,monthly,1,team_members,2,0.0,7.95
1157470,22333,2024-04-08 15:27:45,google_reviews,true,monthly,1,locations,1,0.0,14.95
915160,3163,2023-12-30 22:31:59,fresha_insights,false,monthly,1,team_members,1,0.0,6.97
205425,12094,2024-02-26 01:10:38,fresha_insights,true,monthly,1,team_members,3,0.0,9.687029079725557
25110,1901,2023-11-19 00:39:36,fresha_insights,true,monthly,1,team_members,2,0.0,6.97
462615,36783,2024-08-08 02:34:25,google_reviews,false,monthly,1,locations,1,0.0,15.95
22485,24341,2024-04-12 14:28:52,google_reviews,true,monthly,1,locations,1,0.0,3.73
871715,22619,2024-04-09 00:44:38,google_reviews,false,monthly,1,locations,1,0.0,14.95
569045,27153,2024-05-02 20:55:30,compensation,false,monthly,1,team_members,2,0.0,5.3261299671322595
805195,4933,2024-02-08 20:44:00,fresha_insights,true,monthly,1,team_members,1,0.0,9.687029079725557
131165,42137,2024-10-14 16:36:03,fresha_insights,false,monthly,1,bookable_team_members,,0.0,9.687029079725557
388435,13910,2024-03-07 00:38:32,fresha_insights,true,monthly,1,team_members,10,0.0,9.95
388435,18421,2024-03-30 18:50:35,google_reviews,false,monthly,1,locations,2,0.0,14.95
320715,7537,2024-02-15 15:37:57,compensation,false,monthly,1,team_members,4,0.0,7.95
1420625,45860,2024-12-01 21:47:02,compensation,false,monthly,1,team_members,5,0.0,7.95
580435,20119,2024-04-02 20:42:33,google_reviews,false,monthly,1,locations,1,0.0,14.547903886756302
482570,26201,2024-04-25 16:48:35,compensation,false,monthly,1,team_members,8,0.0,4.87
611410,14215,2024-03-09 07:29:03,fresha_insights,true,monthly,1,team_members,1,0.0,9.687029079725557
858305,7910,2024-02-15 17:52:51,compensation,true,monthly,1,team_members,4,0.0,7.95
858305,15936,2024-03-26 02:38:16,fresha_insights,true,monthly,1,team_members,4,0.0,9.95
628265,44980,2024-11-20 01:52:51,google_reviews,true,monthly,1,locations,1,0.0,14.95
649280,33193,2024-06-28 16:53:20,compensation,false,monthly,1,team_members,2,0.0,7.95
709700,37547,2024-08-19 00:46:37,fresha_insights,true,monthly,1,team_members,1,0.0,9.95
945905,16691,2024-03-28 19:06:51,google_reviews,true,monthly,1,locations,1,0.0,14.95
1149560,4861,2024-02-06 20:52:56,fresha_insights,false,monthly,1,team_members,1,0.0,9.95
