PROVIDER_ID,KEY_COUNTRY,STAFF_SEGMENT,CREATED_AT,BUSINESS_TYPE
936385,US,Individual,2023-05-16 00:08:08.097,Eyebrows & Lashes
1287980,US,,2024-07-14 03:25:29.191,Other
117905,US,6+ Staff,2018-04-05 15:29:05.818,Hair Salon
36950,CA,6+ Staff,2016-11-28 06:06:12.161,Hair Salon
932615,US,Individual,2023-05-10 23:57:59.275,Hair Salon
41870,CA,6+ Staff,2017-01-09 22:59:26.354,Spa
594240,CA,2-5 Staff,2022-02-08 03:09:13.388,Eyebrows & Lashes
1078940,US,Individual,2023-11-08 13:25:24.189,Spa
909515,US,6+ Staff,2023-05-05 23:37:04.349,Nail Salon
632095,CA,Individual,2022-04-14 13:05:35.134,Aesthetics
714655,US,6+ Staff,2022-08-25 23:52:47.98,Beauty Salon
17130,CA,2-5 Staff,2016-05-03 14:37:00.072,Nail Salon
93350,CA,6+ Staff,2017-12-01 15:52:29.472,Nail Salon
143335,US,6+ Staff,2018-08-17 00:45:49.277,Barbershop
1326860,US,2-5 Staff,2024-08-25 20:05:57.856,Tattoo & Piercing
888565,US,Individual,2023-04-29 22:18:21.28,Massage
486835,CA,Individual,2021-06-14 20:46:44.022,Hair Salon
1117150,US,Individual,2023-12-29 22:37:01.993,Tattoo & Piercing
765365,CA,2-5 Staff,2022-11-14 18:16:28.306,Aesthetics
171470,CA,6+ Staff,2018-12-04 15:14:49.753,Aesthetics
1431400,US,,2024-12-14 14:42:50.321,Hair Salon
1034235,US,Individual,2023-09-18 16:18:03.387,Massage
748080,US,Individual,2022-10-19 07:39:45.427,Massage
73785,US,6+ Staff,2017-07-29 16:04:55.067,Beauty Salon
790570,US,Individual,2022-12-29 03:54:47.236,Nail Salon
1351100,US,,2024-09-18 15:40:11.104,Gym & Fitness
194270,CA,6+ Staff,2019-02-19 20:22:19.508,Spa
124105,CA,6+ Staff,2018-05-07 03:09:18.562,Barbershop
730675,US,Individual,2022-09-21 17:36:58.722,Beauty Salon
729875,US,,2022-09-20 15:55:18.286,Beauty Salon
1015190,US,6+ Staff,2023-08-26 00:08:34.587,Hair Salon
183725,US,Individual,2019-01-17 20:20:38.337,Hair Salon
1135810,CA,Individual,2024-01-18 13:05:19.834,Beauty Salon
624020,US,Individual,2022-03-30 13:31:13.058,Beauty Salon
191400,CA,2-5 Staff,2019-02-10 20:57:33.4,Aesthetics
767685,US,2-5 Staff,2022-11-18 03:20:22.247,Aesthetics
721555,US,Individual,2022-09-07 04:10:15.633,Hair Salon
112445,US,2-5 Staff,2018-03-07 21:00:44.351,Hair Salon
1126810,CA,,2024-01-09 22:22:26.148,Other
1317570,US,2-5 Staff,2024-08-15 14:57:15.688,Beauty Salon
851330,US,6+ Staff,2023-03-10 02:54:04.799,Nail Salon
1131190,US,,2024-01-14 01:40:21.997,Hair Salon
1189510,CA,2-5 Staff,2024-03-18 17:05:03.843,Hair Salon
558585,CA,6+ Staff,2021-12-01 14:43:40.702,Spa
661860,US,6+ Staff,2022-05-26 22:53:43.79,Beauty Salon
688775,US,2-5 Staff,2022-07-13 01:15:20.001,Hair Salon
1348045,US,,2024-09-15 21:19:28.653,Barbershop
764920,US,Individual,2022-11-14 04:08:18.092,Waxing Salon
463130,US,2-5 Staff,2021-04-09 22:43:47.752,Beauty Salon
685740,US,2-5 Staff,2022-07-07 15:22:47.887,Eyebrows & Lashes
196290,US,Individual,2019-02-26 13:03:50.121,Hair Salon
488695,US,6+ Staff,2021-06-20 02:48:30.322,Hair Salon
1134565,US,2-5 Staff,2024-01-17 11:23:15.096,Massage
113910,US,Individual,2018-03-14 19:14:16.309,Beauty Salon
343710,CA,Individual,2020-05-08 00:59:30.014,Hair Salon
1171965,CA,Individual,2024-02-28 01:08:30.174,Hair Salon
658760,US,6+ Staff,2022-05-21 00:01:22.949,Barbershop
1284095,US,Individual,2024-07-09 16:40:33.586,Hair Salon
1030,US,2-5 Staff,2015-05-28 17:38:25.732,Beauty Salon
1255925,US,Individual,2024-06-05 23:29:40.641,Beauty Salon
621445,CA,6+ Staff,2022-03-25 14:50:52.779,Beauty Salon
585570,CA,2-5 Staff,2022-01-24 04:59:19.729,Aesthetics
173495,US,Individual,2018-12-11 19:54:25.713,Spa
1175355,CA,Individual,2024-03-02 13:24:32.665,Barbershop
561970,CA,6+ Staff,2021-12-07 14:57:54.862,Eyebrows & Lashes
990050,US,Individual,2023-07-24 19:02:23.477,Massage
23075,US,6+ Staff,2016-07-27 16:35:14.494,Hair Salon
383125,US,6+ Staff,2020-08-06 03:57:41.547,Nail Salon
742760,US,2-5 Staff,2022-10-10 20:56:20.082,Aesthetics
1245920,US,2-5 Staff,2024-05-24 22:00:11.998,Hair Salon
289195,US,2-5 Staff,2019-11-19 15:43:44.981,Nail Salon
750405,US,Individual,2022-10-23 00:33:21.419,Nail Salon
543900,US,6+ Staff,2021-11-03 23:01:33.642,Hair Salon
375895,US,Individual,2020-07-18 01:10:08.854,Waxing Salon
406920,US,2-5 Staff,2020-10-16 23:52:00.759,Spa
1341940,US,6+ Staff,2024-09-09 20:52:28.088,Beauty Salon
495095,CA,Individual,2021-07-08 23:10:11.315,Aesthetics
711725,CA,Individual,2022-08-21 18:51:56.423,Hair Salon
1163335,US,,2024-02-18 10:15:19.731,Other
1006925,CA,2-5 Staff,2023-08-15 15:04:41.738,Beauty Salon
1326125,US,Individual,2024-08-24 19:43:30.211,Massage
398770,US,6+ Staff,2020-09-22 02:27:22.332,Spa
586735,US,2-5 Staff,2022-01-25 22:04:08.978,Beauty Salon
943410,US,6+ Staff,2023-05-24 14:26:06.481,Eyebrows & Lashes
811530,US,6+ Staff,2023-01-27 00:34:04.852,Beauty Salon
675020,CA,Individual,2022-06-20 15:07:46.783,Nail Salon
155270,US,Individual,2018-10-07 22:47:32.427,Barbershop
478760,US,6+ Staff,2021-05-21 16:35:21.4,Hair Salon
36870,US,6+ Staff,2016-11-27 17:12:08.693,Nail Salon
1390135,CA,,2024-10-28 09:10:12.301,Hair Salon
1053030,US,Individual,2023-10-11 03:46:33.383,Nail Salon
1084050,CA,Individual,2023-11-14 19:00:42.445,Eyebrows & Lashes
654170,US,6+ Staff,2022-05-12 21:45:08,Nail Salon
667450,US,Individual,2022-06-06 19:08:55.891,Hair Salon
1298345,US,Individual,2024-07-25 15:27:17.818,Nail Salon
320715,US,2-5 Staff,2020-02-17 19:14:51.752,Spa
175125,CA,6+ Staff,2018-12-18 03:56:12.074,Barbershop
1013680,CA,,2023-08-24 01:42:05.64,Therapy Center
181970,CA,Individual,2019-01-12 08:06:14.148,Beauty Salon
154500,US,Individual,2018-10-05 01:08:40.301,Aesthetics
1116340,US,Individual,2023-12-28 19:42:57.355,Beauty Salon
534980,CA,2-5 Staff,2021-10-19 16:30:10.077,Eyebrows & Lashes
627690,US,Individual,2022-04-06 05:09:09.92,Spa
67285,US,2-5 Staff,2017-06-19 14:21:15.451,Beauty Salon
43270,US,Individual,2017-01-18 21:14:37.115,Eyebrows & Lashes
6110,US,2-5 Staff,2015-11-10 15:52:39.653,Other
491010,US,2-5 Staff,2021-06-26 21:28:16.091,Hair Salon
1197840,US,Individual,2024-03-28 13:12:49.392,Therapy Center
1162170,US,,2024-02-16 16:55:34.858,Hair Salon
290095,CA,6+ Staff,2019-11-21 20:43:24.853,Spa
1358445,CA,2-5 Staff,2024-09-26 01:53:10.498,Nail Salon
140955,US,Individual,2018-08-04 18:42:12.108,Waxing Salon
688160,US,2-5 Staff,2022-07-12 04:38:01.094,Eyebrows & Lashes
74920,US,Individual,2017-08-06 03:42:48.795,Hair Salon
58780,CA,6+ Staff,2017-04-26 21:17:00.238,Hair Salon
749195,US,6+ Staff,2022-10-20 18:48:40.927,Beauty Salon
628270,US,2-5 Staff,2022-04-07 03:29:34.914,Beauty Salon
1256070,CA,Individual,2024-06-06 03:40:39.371,Nail Salon
335675,US,2-5 Staff,2020-04-09 00:43:19.482,Hair Salon
407310,US,2-5 Staff,2020-10-18 17:55:18.422,Hair Salon
1085355,US,2-5 Staff,2023-11-16 04:55:55.949,Massage
1331025,US,6+ Staff,2024-08-29 17:22:07.467,Hair Salon
594785,US,6+ Staff,2022-02-08 21:09:55.399,Nail Salon
462335,US,6+ Staff,2021-04-07 21:50:23.714,Beauty Salon
709700,US,Individual,2022-08-17 21:28:27.013,Hair Salon
218980,US,2-5 Staff,2019-05-04 14:33:10.014,Nail Salon
949915,US,Individual,2023-06-01 22:10:23.715,Spa
462410,US,2-5 Staff,2021-04-08 02:43:28.66,Spa
104915,CA,2-5 Staff,2018-01-28 02:44:46.603,Beauty Salon
852025,US,6+ Staff,2023-03-11 01:43:53.901,Nail Salon
1043430,US,Individual,2023-09-29 04:42:04.166,Other
1066295,CA,Individual,2023-10-24 23:28:05.259,Nail Salon
580435,CA,Individual,2022-01-14 21:00:33.124,Hair Salon
730570,US,Individual,2022-09-21 14:54:27.669,Eyebrows & Lashes
732270,CA,Individual,2022-09-24 00:48:24.072,Eyebrows & Lashes
481635,US,2-5 Staff,2021-05-29 18:26:18.359,Hair Salon
1386065,US,6+ Staff,2024-10-23 18:22:08.027,Hair Salon
1334855,US,Individual,2024-09-02 21:46:30.175,Hair Salon
874550,US,2-5 Staff,2023-04-11 20:46:41.238,Hair Salon
798565,US,6+ Staff,2023-01-09 23:46:02.84,Beauty Salon
761750,CA,Individual,2022-11-08 23:19:29.016,Eyebrows & Lashes
358260,CA,6+ Staff,2020-06-09 12:15:54.854,Beauty Salon
322255,CA,2-5 Staff,2020-02-21 02:23:00.766,Waxing Salon
51130,US,2-5 Staff,2017-03-08 02:23:39.309,Eyebrows & Lashes
310455,US,6+ Staff,2020-01-21 22:45:25.287,Spa
839115,US,Individual,2023-02-21 20:01:35.917,Beauty Salon
983690,US,Individual,2023-07-16 12:15:54.916,Hair Salon
1153470,US,Individual,2024-02-06 12:38:33.34,Waxing Salon
21075,US,2-5 Staff,2016-07-06 01:31:51.509,Waxing Salon
258775,US,Individual,2019-08-29 02:50:05.671,Massage
141945,US,2-5 Staff,2018-08-09 15:35:30.849,Other
181955,CA,2-5 Staff,2019-01-12 06:10:36.644,Hair Salon
1069230,US,6+ Staff,2023-10-27 23:57:11.287,Hair Salon
511995,US,6+ Staff,2021-08-25 21:41:38.55,Massage
1277145,US,6+ Staff,2024-07-01 18:38:47.037,Nail Salon
1424835,US,,2024-12-05 16:08:00.973,Barbershop
715050,CA,2-5 Staff,2022-08-26 16:58:50.331,Spa
243810,US,6+ Staff,2019-07-19 15:19:27.042,Hair Salon
290230,US,6+ Staff,2019-11-22 04:25:29.439,Tattoo & Piercing
259685,US,2-5 Staff,2019-09-01 04:27:55.535,Other
533030,US,6+ Staff,2021-10-15 03:51:07.698,Beauty Salon
750435,US,Individual,2022-10-23 02:23:24.531,Nail Salon
26220,US,2-5 Staff,2016-08-30 05:42:14.297,Eyebrows & Lashes
1043755,US,2-5 Staff,2023-09-29 14:21:37.847,Hair Salon
57865,US,Individual,2017-04-20 16:21:38.82,Spa
801160,US,Individual,2023-01-13 02:27:37.138,Aesthetics
243630,CA,6+ Staff,2019-07-19 01:11:25.073,Beauty Salon
1232745,US,6+ Staff,2024-05-09 00:53:17.041,Massage
757980,CA,2-5 Staff,2022-11-02 20:57:09.272,Hair Salon
474480,US,Individual,2021-05-10 22:57:39.64,Aesthetics
1108775,US,Individual,2023-12-16 05:31:37.43,Hair Salon
436465,US,2-5 Staff,2021-01-23 21:22:06.808,Waxing Salon
161550,US,,2018-10-26 21:10:20.17,Beauty Salon
849405,US,Individual,2023-03-07 17:08:02.356,Hair Salon
941790,CA,2-5 Staff,2023-05-22 18:28:26.997,Hair Salon
25110,US,Individual,2016-08-18 20:29:43.453,Hair Salon
577175,US,Individual,2022-01-09 19:09:33.493,Therapy Center
269965,US,6+ Staff,2019-09-29 00:37:47.334,Massage
276640,CA,Individual,2019-10-14 23:00:27.843,Eyebrows & Lashes
165185,US,6+ Staff,2018-11-09 18:35:10.132,Nail Salon
518445,CA,6+ Staff,2021-09-11 22:59:07.761,Aesthetics
338350,US,2-5 Staff,2020-04-20 23:45:43.258,Spa
290235,CA,2-5 Staff,2019-11-22 04:40:40.661,Hair Salon
756595,US,Individual,2022-11-01 17:01:22.601,Nail Salon
1193920,US,Individual,2024-03-23 18:53:03.158,Nail Salon
158920,CA,2-5 Staff,2018-10-18 16:57:09.62,Hair Salon
61460,CA,Individual,2017-05-14 17:40:04.041,Aesthetics
150230,US,6+ Staff,2018-09-20 15:56:32.697,Nail Salon
322735,US,2-5 Staff,2020-02-22 16:58:18.439,Spa
868200,US,Individual,2023-04-01 23:38:11.628,Aesthetics
255180,CA,6+ Staff,2019-08-19 04:19:50.696,Nail Salon
121510,CA,2-5 Staff,2018-04-24 02:59:54.834,Hair Salon
482570,US,2-5 Staff,2021-06-01 20:15:00.382,Spa
189325,US,6+ Staff,2019-02-04 14:28:02.149,Beauty Salon
998060,US,Individual,2023-08-03 19:24:18.864,Nail Salon
1246465,US,2-5 Staff,2024-05-25 20:13:45.529,Beauty Salon
181110,CA,2-5 Staff,2019-01-09 16:43:25.301,Beauty Salon
229350,US,2-5 Staff,2019-06-03 19:50:17.909,Therapy Center
142185,CA,6+ Staff,2018-08-10 19:47:15.729,Eyebrows & Lashes
99870,US,6+ Staff,2018-01-11 15:12:30.745,Nail Salon
871715,US,Individual,2023-04-06 23:24:02.66,Eyebrows & Lashes
166165,CA,6+ Staff,2018-11-13 20:18:23.686,Massage
1335910,US,,2024-09-03 19:23:17.964,Eyebrows & Lashes
780090,US,Individual,2022-12-09 05:01:56.979,Beauty Salon
1075150,CA,2-5 Staff,2023-11-04 02:10:03.14,Hair Salon
1301465,CA,,2024-07-29 18:17:51.866,Hair Salon
992100,CA,6+ Staff,2023-07-27 01:38:44.58,Massage
828620,CA,Individual,2023-02-06 19:28:42.913,Aesthetics
1237830,US,6+ Staff,2024-05-15 12:35:35.226,Nail Salon
1163095,US,2-5 Staff,2024-02-17 22:22:01.977,Aesthetics
1145395,US,,2024-01-29 05:05:22.811,Nail Salon
613955,CA,6+ Staff,2022-03-12 21:49:59.702,Beauty Salon
662600,US,Individual,2022-05-28 15:16:02.474,Hair Salon
7125,CA,6+ Staff,2015-11-27 23:13:38.42,Therapy Center
1308125,CA,6+ Staff,2024-08-05 16:54:25.459,Hair Salon
1039085,US,6+ Staff,2023-09-24 05:00:30.126,Beauty Salon
463455,US,2-5 Staff,2021-04-10 23:34:14.22,Aesthetics
311730,CA,6+ Staff,2020-01-24 21:00:08.336,Spa
196720,CA,6+ Staff,2019-02-27 18:11:49.501,Hair Salon
640100,US,Individual,2022-04-22 22:20:56.281,Beauty Salon
514310,US,6+ Staff,2021-09-01 14:49:06.936,Nail Salon
111270,US,2-5 Staff,2018-03-02 05:04:19.894,Nail Salon
1384085,US,,2024-10-22 01:20:56.948,Tattoo & Piercing
1381360,US,2-5 Staff,2024-10-18 23:33:36.77,Hair Salon
219595,US,Individual,2019-05-06 12:09:46.669,Aesthetics
1167885,US,6+ Staff,2024-02-23 05:43:50.228,Hair Salon
1194465,CA,Individual,2024-03-24 16:39:49.305,Eyebrows & Lashes
160545,CA,6+ Staff,2018-10-23 23:38:30.995,Beauty Salon
357030,US,6+ Staff,2020-06-07 02:24:10.603,Beauty Salon
3470,US,6+ Staff,2015-09-02 00:03:52.098,Other
581780,US,Individual,2022-01-17 17:37:12.881,Aesthetics
135225,US,6+ Staff,2018-07-05 13:47:48.299,Barbershop
795920,US,Individual,2023-01-06 02:18:34.779,Spa
1105185,US,Individual,2023-12-11 19:29:12.241,Hair Salon
52855,US,2-5 Staff,2017-03-20 15:54:42.823,Tanning Studio
285360,US,6+ Staff,2019-11-07 17:48:11.588,Hair Salon
461470,US,2-5 Staff,2021-04-05 21:45:31.197,Massage
249365,CA,6+ Staff,2019-08-04 17:47:21.444,Beauty Salon
299755,CA,6+ Staff,2019-12-22 18:34:49.983,Beauty Salon
160960,CA,Individual,2018-10-25 03:45:34.746,Hair Salon
1046500,US,2-5 Staff,2023-10-03 04:02:58.464,Nail Salon
382700,US,6+ Staff,2020-08-05 03:26:12.602,Beauty Salon
193960,US,2-5 Staff,2019-02-18 22:59:45.322,Eyebrows & Lashes
846440,CA,6+ Staff,2023-03-03 04:25:11.787,Nail Salon
1088120,CA,6+ Staff,2023-11-19 22:03:07.829,Barbershop
454970,US,Individual,2021-03-17 21:09:59.766,Eyebrows & Lashes
577875,CA,2-5 Staff,2022-01-10 18:51:24.498,Beauty Salon
106375,US,Individual,2018-02-04 16:47:14.409,Therapy Center
1010995,US,2-5 Staff,2023-08-20 22:12:32.933,Spa
675035,CA,2-5 Staff,2022-06-20 15:31:57.477,Beauty Salon
1275085,US,,2024-06-28 23:10:36.402,Beauty Salon
504590,US,6+ Staff,2021-08-05 17:48:53.587,Hair Salon
92510,US,6+ Staff,2017-11-27 02:03:02.968,Nail Salon
142210,CA,Individual,2018-08-10 23:11:20.84,Hair Salon
198255,US,Individual,2019-03-04 21:27:53.984,Massage
494540,US,6+ Staff,2021-07-07 14:58:04.093,Hair Salon
135540,US,2-5 Staff,2018-07-07 05:42:16.667,Hair Salon
950450,CA,Individual,2023-06-02 15:09:23.408,Eyebrows & Lashes
181790,US,Individual,2019-01-11 15:10:22.822,Barbershop
437675,CA,Individual,2021-01-27 20:45:41.871,Beauty Salon
518755,CA,Individual,2021-09-12 21:24:48.562,Aesthetics
592540,CA,Individual,2022-02-05 00:02:47.643,Massage
850935,CA,2-5 Staff,2023-03-09 15:42:47.139,Tattoo & Piercing
738970,US,Individual,2022-10-04 18:53:40.305,Hair Salon
355420,US,Individual,2020-06-03 16:57:32.842,Hair Salon
990975,CA,6+ Staff,2023-07-25 20:08:18.522,Nail Salon
395120,US,6+ Staff,2020-09-10 19:36:13.725,Hair Salon
993425,US,Individual,2023-07-28 18:41:27.95,Nail Salon
531950,CA,Individual,2021-10-13 00:32:49.716,Aesthetics
1097465,US,2-5 Staff,2023-12-01 14:13:39.278,Beauty Salon
1294330,US,6+ Staff,2024-07-21 12:29:30.214,Other
128780,CA,6+ Staff,2018-05-31 16:37:34.802,Spa
269285,CA,2-5 Staff,2019-09-26 19:56:30,Spa
1001010,US,2-5 Staff,2023-08-07 22:27:46.719,Aesthetics
804295,US,2-5 Staff,2023-01-17 17:44:30.543,Aesthetics
294855,US,2-5 Staff,2019-12-06 00:38:36.055,Hair Salon
1321275,US,2-5 Staff,2024-08-19 20:54:20.691,Hair Salon
655485,US,2-5 Staff,2022-05-15 21:04:15.884,Spa
604405,US,6+ Staff,2022-02-24 19:23:01.888,Spa
547010,US,2-5 Staff,2021-11-09 14:45:51.985,Therapy Center
1050430,US,2-5 Staff,2023-10-07 18:14:11.62,Hair Salon
798525,US,Individual,2023-01-09 22:51:47.022,Hair Salon
1151295,US,2-5 Staff,2024-02-04 02:04:52.401,Hair Salon
1257565,US,6+ Staff,2024-06-07 20:32:07.155,Spa
546450,US,6+ Staff,2021-11-08 17:48:49.382,Nail Salon
805195,CA,Individual,2023-01-18 19:01:29.648,Aesthetics
690410,US,6+ Staff,2022-07-15 17:58:55.94,Nail Salon
769465,US,Individual,2022-11-21 14:44:43.844,Beauty Salon
52070,US,6+ Staff,2017-03-14 20:06:59.563,Other
92060,CA,2-5 Staff,2017-11-22 19:26:34.951,Beauty Salon
206425,CA,2-5 Staff,2019-03-30 23:48:00.354,Beauty Salon
1036625,CA,6+ Staff,2023-09-20 21:35:20.106,Beauty Salon
208880,US,2-5 Staff,2019-04-07 20:33:26.343,Hair Salon
301040,US,2-5 Staff,2019-12-28 19:48:31.47,Massage
18045,CA,2-5 Staff,2016-05-17 19:28:14.489,Therapy Center
786060,US,Individual,2022-12-19 06:04:31.944,Spa
855370,CA,6+ Staff,2023-03-15 18:26:09.629,Nail Salon
1240030,US,2-5 Staff,2024-05-17 19:23:58.509,Other
366015,CA,6+ Staff,2020-06-24 12:52:31.973,Nail Salon
205470,CA,Individual,2019-03-27 17:21:11.237,Other
867480,US,2-5 Staff,2023-03-31 19:00:33.674,Hair Salon
1334015,CA,,2024-09-02 06:09:18.752,Other
969120,US,,2023-06-27 13:44:48.462,Other
100125,CA,6+ Staff,2018-01-12 20:16:34.943,Massage
228755,US,6+ Staff,2019-06-01 21:37:50.983,Nail Salon
1347710,US,,2024-09-15 13:44:21.776,Beauty Salon
840100,US,,2023-02-23 00:20:41.754,Hair Salon
1103830,US,2-5 Staff,2023-12-09 19:12:28.509,Beauty Salon
30680,CA,6+ Staff,2016-10-12 02:18:28.458,Nail Salon
883580,CA,2-5 Staff,2023-04-23 23:09:41.144,Massage
366465,US,2-5 Staff,2020-06-25 12:06:12.865,Other
758765,US,2-5 Staff,2022-11-03 23:10:30.752,Beauty Salon
1301450,US,6+ Staff,2024-07-29 17:56:04.897,Hair Salon
42395,US,Individual,2017-01-12 19:20:57.382,Eyebrows & Lashes
420040,US,2-5 Staff,2020-11-29 16:34:18.855,Spa
234610,US,6+ Staff,2019-06-19 04:04:37.216,Nail Salon
239250,US,2-5 Staff,2019-07-04 20:05:50.363,Eyebrows & Lashes
942995,US,Individual,2023-05-24 01:43:45.501,Hair Salon
494985,CA,Individual,2021-07-08 18:06:09.18,Eyebrows & Lashes
826990,US,Individual,2023-02-04 05:56:32.355,Hair Salon
515660,CA,2-5 Staff,2021-09-05 10:11:59.239,Hair Salon
797550,US,Individual,2023-01-08 17:31:48.804,Beauty Salon
338055,CA,Individual,2020-04-19 21:35:40.03,Nail Salon
1132625,CA,Individual,2024-01-15 16:24:32.754,Tanning Studio
425185,CA,Individual,2020-12-16 04:12:54.31,Aesthetics
677105,US,Individual,2022-06-23 16:33:30.846,Aesthetics
529980,US,Individual,2021-10-08 06:33:26.089,Spa
10310,US,Individual,2016-01-24 00:11:22.025,Spa
218015,US,Individual,2019-05-01 19:20:20.825,Hair Salon
323585,CA,6+ Staff,2020-02-24 17:34:50.418,Eyebrows & Lashes
448140,US,6+ Staff,2021-02-28 04:17:01.547,Beauty Salon
1226515,CA,Individual,2024-05-01 22:56:51.361,Nail Salon
433630,US,Individual,2021-01-15 00:32:14.657,Eyebrows & Lashes
296980,CA,2-5 Staff,2019-12-12 19:17:36.611,Beauty Salon
514485,US,Individual,2021-09-01 22:29:08.534,Nail Salon
549740,CA,2-5 Staff,2021-11-14 17:14:26.162,Aesthetics
35085,US,Individual,2016-11-12 04:02:28.469,Beauty Salon
800940,CA,Individual,2023-01-12 20:20:05.727,Tattoo & Piercing
1266115,US,,2024-06-18 14:47:15.181,Other
84485,US,2-5 Staff,2017-10-06 01:34:01.599,Hair Salon
1325425,CA,,2024-08-23 21:08:07.808,Nail Salon
159895,US,Individual,2018-10-22 04:40:58.835,Aesthetics
1151910,US,Individual,2024-02-04 21:42:10.574,Massage
619100,US,Individual,2022-03-21 20:52:50.151,Aesthetics
288065,US,Individual,2019-11-15 18:22:53.466,Hair Salon
701905,US,2-5 Staff,2022-08-04 17:00:35.621,Massage
1420625,US,2-5 Staff,2024-11-29 17:17:27.126,Massage
1409375,US,Individual,2024-11-17 13:48:25.344,Hair Salon
62965,US,2-5 Staff,2017-05-24 03:58:21.391,Beauty Salon
941225,US,Individual,2023-05-22 05:30:54.338,Massage
1176225,US,,2024-03-03 17:40:55.566,Massage
1161925,US,,2024-02-16 11:18:33.099,Hair Salon
755850,CA,Individual,2022-10-31 17:43:38.544,Beauty Salon
227525,US,2-5 Staff,2019-05-29 05:03:17.093,Hair Salon
305190,US,2-5 Staff,2020-01-08 21:28:20.174,Beauty Salon
564720,CA,6+ Staff,2021-12-13 02:31:41.489,Hair Salon
1305810,US,,2024-08-02 20:15:38.497,Gym & Fitness
470010,CA,2-5 Staff,2021-04-28 16:32:09.981,Beauty Salon
24170,CA,2-5 Staff,2016-08-08 23:11:01.958,Tattoo & Piercing
604295,CA,6+ Staff,2022-02-24 16:02:09.771,Hair Salon
392240,US,Individual,2020-09-01 22:53:21.997,Other
716125,CA,2-5 Staff,2022-08-28 21:53:29.059,Eyebrows & Lashes
1272285,US,,2024-06-25 20:38:30.964,Hair Salon
851040,US,2-5 Staff,2023-03-09 18:03:11.94,Eyebrows & Lashes
596520,US,Individual,2022-02-11 18:22:01.829,Aesthetics
877035,US,Individual,2023-04-15 00:19:48.709,Hair Salon
1153950,US,Individual,2024-02-06 20:29:50.095,Massage
834490,US,2-5 Staff,2023-02-15 03:26:45.694,Eyebrows & Lashes
1286270,US,6+ Staff,2024-07-11 21:02:47.413,Massage
120905,CA,Individual,2018-04-20 02:33:04.776,Beauty Salon
421925,CA,2-5 Staff,2020-12-05 01:57:36.942,Beauty Salon
528110,CA,2-5 Staff,2021-10-04 14:58:11.754,Spa
590485,US,2-5 Staff,2022-02-01 18:14:26.694,Hair Salon
60135,CA,6+ Staff,2017-05-05 14:58:56.541,Eyebrows & Lashes
838550,US,Individual,2023-02-21 04:39:40.137,Hair Salon
698785,CA,2-5 Staff,2022-07-30 15:56:46.031,Hair Salon
1136260,CA,Individual,2024-01-18 20:57:11.267,Hair Salon
1266330,US,2-5 Staff,2024-06-18 19:37:07.749,Massage
67170,US,Individual,2017-06-18 19:07:45.277,Beauty Salon
426905,US,2-5 Staff,2020-12-22 04:06:28.197,Beauty Salon
70720,US,Individual,2017-07-08 01:00:32.081,Hair Salon
69100,US,2-5 Staff,2017-06-28 01:14:48.182,Beauty Salon
626985,CA,6+ Staff,2022-04-04 23:51:38.854,Spa
5915,US,6+ Staff,2015-11-05 22:35:06.936,Massage
1330805,US,Individual,2024-08-29 13:28:48.53,Nail Salon
660605,CA,2-5 Staff,2022-05-24 20:42:40.407,Nail Salon
1364305,US,2-5 Staff,2024-10-01 20:34:17.618,Hair Salon
676850,CA,6+ Staff,2022-06-23 08:26:46.132,Nail Salon
1276200,US,6+ Staff,2024-06-30 17:50:10.616,Hair Salon
197055,US,Individual,2019-02-28 17:28:29.107,Beauty Salon
835885,US,Individual,2023-02-17 00:41:49.816,Beauty Salon
12765,US,6+ Staff,2016-02-28 23:24:50.16,Beauty Salon
752040,US,Individual,2022-10-25 17:51:09.04,Hair Salon
860720,CA,2-5 Staff,2023-03-22 21:02:42.219,Eyebrows & Lashes
905725,US,,2023-05-05 01:46:05.669,Barbershop
826155,CA,2-5 Staff,2023-02-03 01:51:26.639,Hair Salon
868690,US,6+ Staff,2023-04-02 21:21:06.866,Hair Salon
998025,US,Individual,2023-08-03 18:33:22.931,Eyebrows & Lashes
131165,CA,,2018-06-13 22:03:32.841,Hair Salon
711845,US,6+ Staff,2022-08-22 00:36:26.949,Beauty Salon
974835,CA,2-5 Staff,2023-07-04 23:14:40.468,Eyebrows & Lashes
1286075,US,6+ Staff,2024-07-11 16:47:11.573,Massage
134060,US,6+ Staff,2018-06-30 02:03:48.753,Nail Salon
1355650,US,6+ Staff,2024-09-23 15:15:19.2,Barbershop
1158805,CA,2-5 Staff,2024-02-12 18:11:51.123,Hair Salon
909860,US,2-5 Staff,2023-05-06 14:19:47.924,Massage
220090,US,6+ Staff,2019-05-07 14:47:57.646,Nail Salon
432780,US,2-5 Staff,2021-01-12 18:33:52.382,Spa
1228510,US,6+ Staff,2024-05-04 04:50:43.182,Other
636860,US,Individual,2022-04-19 17:50:52.265,Nail Salon
645245,US,Individual,2022-04-27 22:53:28.332,Hair Salon
490150,CA,2-5 Staff,2021-06-24 03:50:14.588,Beauty Salon
60520,CA,6+ Staff,2017-05-08 14:52:44.891,Beauty Salon
84735,US,6+ Staff,2017-10-08 00:17:25.289,Beauty Salon
324475,US,6+ Staff,2020-02-26 17:34:33.27,Nail Salon
172275,US,2-5 Staff,2018-12-07 16:20:19.595,Nail Salon
740395,CA,2-5 Staff,2022-10-06 17:26:56.358,Aesthetics
480385,CA,6+ Staff,2021-05-26 01:54:02.249,Beauty Salon
733150,CA,6+ Staff,2022-09-25 21:53:56.461,Aesthetics
502915,US,Individual,2021-08-01 17:22:21.318,Hair Salon
135970,US,6+ Staff,2018-07-09 19:57:22.447,Nail Salon
552725,US,Individual,2021-11-20 05:40:22.645,Beauty Salon
557520,US,6+ Staff,2021-11-29 22:10:06.822,Nail Salon
1163560,CA,,2024-02-18 17:19:43.425,Nail Salon
1066320,US,Individual,2023-10-25 00:08:14.523,Massage
193315,US,2-5 Staff,2019-02-16 18:53:34.109,Eyebrows & Lashes
93395,US,6+ Staff,2017-12-01 21:35:51.273,Nail Salon
828575,US,6+ Staff,2023-02-06 18:28:59.404,Beauty Salon
74450,CA,Individual,2017-08-03 02:26:13.07,Beauty Salon
359575,CA,2-5 Staff,2020-06-11 17:33:24.977,Spa
135045,US,2-5 Staff,2018-07-04 16:52:43.075,Waxing Salon
242330,US,Individual,2019-07-15 15:47:12.698,Hair Salon
1230530,US,6+ Staff,2024-05-06 20:01:31.086,Nail Salon
844615,CA,Individual,2023-03-01 02:27:44.782,Waxing Salon
1229665,US,Individual,2024-05-05 20:37:23.218,Waxing Salon
39325,US,2-5 Staff,2016-12-19 13:26:43.317,Hair Salon
201600,US,2-5 Staff,2019-03-14 21:34:40.393,Barbershop
480925,US,2-5 Staff,2021-05-27 12:11:52.825,Massage
1083275,US,,2023-11-13 23:29:15.896,Nail Salon
1227350,CA,6+ Staff,2024-05-02 19:08:21.411,Hair Salon
723070,US,6+ Staff,2022-09-09 13:25:32.758,Other
734690,CA,6+ Staff,2022-09-28 01:47:54.053,Hair Salon
1333825,CA,Individual,2024-09-02 00:05:13.883,Hair Salon
76140,US,2-5 Staff,2017-08-14 20:09:10.074,Barbershop
261800,US,Individual,2019-09-06 19:00:48.782,Hair Salon
752795,US,6+ Staff,2022-10-26 16:52:54.238,Massage
517175,CA,2-5 Staff,2021-09-08 19:39:22.924,Hair Salon
1178150,US,Individual,2024-03-05 18:36:02.648,Barbershop
1213185,CA,Individual,2024-04-16 16:10:04.302,Nail Salon
386560,US,2-5 Staff,2020-08-17 00:04:10.179,Hair Salon
795990,US,Individual,2023-01-06 04:40:33.656,Eyebrows & Lashes
580415,CA,6+ Staff,2022-01-14 20:15:16.577,Beauty Salon
686655,US,Individual,2022-07-09 04:08:44.044,Eyebrows & Lashes
1209050,US,6+ Staff,2024-04-11 15:06:58.314,Hair Salon
501005,US,Individual,2021-07-27 02:35:35.551,Beauty Salon
263750,US,6+ Staff,2019-09-11 23:13:14.497,Beauty Salon
246200,US,2-5 Staff,2019-07-26 22:41:01.325,Spa
379590,US,6+ Staff,2020-07-27 16:18:31.898,Massage
1085805,CA,Individual,2023-11-16 17:31:58.018,Eyebrows & Lashes
436260,US,Individual,2021-01-23 00:28:34.74,Spa
105905,US,6+ Staff,2018-02-01 19:42:01.673,Other
1154875,CA,6+ Staff,2024-02-07 18:19:27.742,Hair Salon
1269290,US,,2024-06-22 01:10:21.392,Eyebrows & Lashes
1368245,US,,2024-10-05 19:51:11.33,Massage
1180570,CA,2-5 Staff,2024-03-08 03:28:46.449,Aesthetics
113505,US,6+ Staff,2018-03-13 00:51:34.29,Beauty Salon
106980,US,2-5 Staff,2018-02-07 15:01:06.354,Aesthetics
29725,US,Individual,2016-10-03 13:59:36.73,Hair Salon
297220,US,Individual,2019-12-13 14:03:10.584,Aesthetics
540845,US,Individual,2021-10-29 06:29:21.614,Beauty Salon
1284005,US,2-5 Staff,2024-07-09 15:10:46.386,Waxing Salon
688790,US,2-5 Staff,2022-07-13 01:49:20.151,Eyebrows & Lashes
708345,US,6+ Staff,2022-08-15 23:32:42.167,Hair Salon
361855,US,2-5 Staff,2020-06-16 05:32:36.247,Hair Salon
545820,US,Individual,2021-11-07 15:29:33.323,Waxing Salon
1211635,CA,Individual,2024-04-15 04:21:25.761,Beauty Salon
956750,US,2-5 Staff,2023-06-11 00:50:25.295,Hair Salon
418570,US,2-5 Staff,2020-11-24 23:41:14.267,Spa
471725,CA,6+ Staff,2021-05-03 16:47:56.535,Hair Salon
1184360,US,Individual,2024-03-12 18:03:55.096,Beauty Salon
47860,US,2-5 Staff,2017-02-14 16:18:17.285,Spa
258645,US,6+ Staff,2019-08-28 19:10:45.045,Spa
1068785,CA,2-5 Staff,2023-10-27 12:17:45.436,Spa
1400490,US,2-5 Staff,2024-11-07 16:06:39.386,Massage
1362340,US,,2024-09-30 04:55:04.522,Hair Salon
167155,CA,2-5 Staff,2018-11-17 05:33:01.768,Barbershop
408915,US,6+ Staff,2020-10-23 12:17:15.174,Hair Salon
1175105,CA,6+ Staff,2024-03-02 03:59:56.279,Nail Salon
1149560,US,Individual,2024-02-02 01:26:56.689,Tattoo & Piercing
93640,CA,2-5 Staff,2017-12-03 20:59:29.564,Hair Salon
755910,US,6+ Staff,2022-10-31 20:08:26.711,Beauty Salon
998830,US,6+ Staff,2023-08-04 18:49:22.598,Massage
1135935,US,Individual,2024-01-18 14:59:34.988,Eyebrows & Lashes
1115520,US,2-5 Staff,2023-12-27 19:49:16.672,Spa
1279440,US,,2024-07-03 21:51:18.393,Tattoo & Piercing
693930,CA,Individual,2022-07-21 21:12:50.165,Beauty Salon
777190,CA,2-5 Staff,2022-12-04 14:39:19.416,Nail Salon
342900,US,2-5 Staff,2020-05-06 02:43:42.823,Beauty Salon
1132050,US,,2024-01-15 03:08:37.403,Hair Salon
531400,CA,Individual,2021-10-12 01:18:54.527,Nail Salon
1129990,CA,2-5 Staff,2024-01-12 16:52:32.081,Hair Salon
1097660,US,2-5 Staff,2023-12-01 19:04:50.591,Beauty Salon
597640,US,2-5 Staff,2022-02-14 05:32:03.999,Barbershop
490435,CA,Individual,2021-06-24 22:01:02.647,Beauty Salon
1285475,US,,2024-07-11 00:55:13.574,Barbershop
56855,US,6+ Staff,2017-04-14 03:10:24.49,Nail Salon
443085,CA,Individual,2021-02-13 16:56:33.733,Aesthetics
605210,US,Individual,2022-02-26 02:56:32.797,Hair Salon
350000,CA,2-5 Staff,2020-05-22 07:14:12.004,Therapy Center
423620,US,Individual,2020-12-10 16:43:10.679,Waxing Salon
865785,US,Individual,2023-03-29 15:47:26.86,Other
701510,US,Individual,2022-08-04 02:58:31.617,Hair Salon
718865,CA,2-5 Staff,2022-09-01 22:40:26.568,Beauty Salon
66150,US,6+ Staff,2017-06-12 12:01:26.873,Hair Salon
1091470,CA,6+ Staff,2023-11-23 23:16:48.917,Hair Salon
69970,US,6+ Staff,2017-07-03 09:47:50.322,Nail Salon
129875,US,2-5 Staff,2018-06-06 20:15:36.254,Spa
264080,CA,Individual,2019-09-12 19:50:28.773,Nail Salon
46395,US,6+ Staff,2017-02-03 18:58:16.866,Spa
125840,CA,2-5 Staff,2018-05-15 02:55:35.054,Barbershop
471525,US,Individual,2021-05-03 02:47:57.46,Hair Salon
539470,US,6+ Staff,2021-10-27 00:33:50.732,Hair Salon
244190,US,Individual,2019-07-21 05:47:04.282,Eyebrows & Lashes
37665,CA,2-5 Staff,2016-12-03 18:50:14.066,Nail Salon
179550,CA,Individual,2019-01-05 05:12:10.524,Therapy Center
309245,CA,2-5 Staff,2020-01-19 01:15:51.413,Barbershop
246910,US,Individual,2019-07-29 06:41:14.332,Nail Salon
1096230,US,,2023-11-30 00:47:00.545,Beauty Salon
537575,US,6+ Staff,2021-10-23 15:17:23.038,Hair Salon
649280,US,Individual,2022-05-04 13:17:49.344,Nail Salon
505320,US,2-5 Staff,2021-08-08 01:06:37.066,Beauty Salon
205425,CA,2-5 Staff,2019-03-27 15:31:11.637,Beauty Salon
294795,CA,6+ Staff,2019-12-05 21:17:07.985,Beauty Salon
144595,US,Individual,2018-08-24 01:15:39.828,Beauty Salon
1189805,US,2-5 Staff,2024-03-18 22:59:21.981,Nail Salon
1048150,CA,Individual,2023-10-04 20:13:08.012,Eyebrows & Lashes
825355,CA,2-5 Staff,2023-02-02 04:34:50.168,Beauty Salon
14355,CA,2-5 Staff,2016-03-23 22:06:32.226,Hair Salon
1372345,CA,,2024-10-09 21:18:52.974,Beauty Salon
83790,US,2-5 Staff,2017-10-02 03:17:15.718,Beauty Salon
1102395,US,2-5 Staff,2023-12-07 17:39:03.883,Eyebrows & Lashes
266695,US,2-5 Staff,2019-09-20 01:03:17.522,Massage
663190,CA,6+ Staff,2022-05-29 23:58:43.935,Hair Salon
647590,US,2-5 Staff,2022-05-01 20:07:54.131,Hair Salon
471925,CA,Individual,2021-05-04 03:43:36.303,Waxing Salon
869700,US,Individual,2023-04-04 09:00:42.701,Waxing Salon
406240,US,2-5 Staff,2020-10-14 18:56:28.653,Waxing Salon
1291705,US,2-5 Staff,2024-07-18 01:26:44.73,Spa
1043890,US,Individual,2023-09-29 17:47:08.914,Aesthetics
106895,US,6+ Staff,2018-02-07 04:17:34.423,Barbershop
410450,US,2-5 Staff,2020-10-28 17:53:14.211,Massage
204725,CA,6+ Staff,2019-03-25 15:54:18.533,Hair Salon
430925,CA,2-5 Staff,2021-01-06 19:24:56.118,Hair Salon
66285,CA,Individual,2017-06-13 04:14:10.928,Massage
792880,US,Individual,2023-01-02 18:26:54.652,Aesthetics
53980,US,Individual,2017-03-28 02:14:42.34,Spa
12695,CA,2-5 Staff,2016-02-27 20:15:47.461,Therapy Center
976645,US,2-5 Staff,2023-07-06 22:25:28.66,Hair Salon
509395,US,Individual,2021-08-19 13:12:52.877,Beauty Salon
565995,CA,Individual,2021-12-15 14:56:36.673,Hair Salon
478005,US,6+ Staff,2021-05-19 18:05:55.014,Nail Salon
83870,US,2-5 Staff,2017-10-02 16:44:40.356,Eyebrows & Lashes
872035,CA,2-5 Staff,2023-04-07 15:35:18.768,Spa
463620,US,6+ Staff,2021-04-11 14:34:17.61,Eyebrows & Lashes
569045,CA,2-5 Staff,2021-12-23 03:12:24.519,Hair Salon
963270,US,Individual,2023-06-20 00:34:31.927,Nail Salon
96215,CA,6+ Staff,2017-12-20 03:16:12.315,Spa
442225,US,6+ Staff,2021-02-10 21:12:19.232,Spa
672975,US,Individual,2022-06-16 06:08:49.227,Other
34890,CA,2-5 Staff,2016-11-10 20:25:11.237,Beauty Salon
136540,CA,6+ Staff,2018-07-12 13:40:50.956,Hair Salon
1182105,US,2-5 Staff,2024-03-10 06:26:38.05,Other
1289630,US,Individual,2024-07-16 01:19:45.531,Hair Salon
559740,US,Individual,2021-12-03 06:48:54.137,Eyebrows & Lashes
855780,CA,Individual,2023-03-16 06:22:46.804,Hair Salon
1054060,US,6+ Staff,2023-10-12 05:12:07.478,Nail Salon
785765,US,2-5 Staff,2022-12-18 14:05:21.93,Nail Salon
429150,CA,6+ Staff,2021-01-01 01:22:37.801,Beauty Salon
87585,CA,Individual,2017-10-25 01:47:06.672,Spa
347775,CA,Individual,2020-05-17 23:09:47.777,Barbershop
42540,CA,2-5 Staff,2017-01-13 23:42:41.531,Massage
628265,US,6+ Staff,2022-04-07 03:13:18.154,Nail Salon
388435,US,6+ Staff,2020-08-21 18:33:49.711,Beauty Salon
7395,US,6+ Staff,2015-12-03 16:18:16.069,Hair Salon
942755,US,6+ Staff,2023-05-23 19:34:35.823,Hair Salon
138255,US,2-5 Staff,2018-07-22 19:42:33.476,Beauty Salon
1350580,US,2-5 Staff,2024-09-18 04:56:54.309,Hair Salon
252485,US,6+ Staff,2019-08-12 02:57:52.12,Beauty Salon
783615,US,2-5 Staff,2022-12-14 02:13:18.643,Hair Salon
60170,US,6+ Staff,2017-05-05 21:26:43.761,Beauty Salon
1400775,US,,2024-11-07 21:28:13.996,Massage
30185,US,2-5 Staff,2016-10-07 13:09:49.592,Beauty Salon
102885,US,Individual,2018-01-26 23:35:16.356,Spa
604965,US,Individual,2022-02-25 18:19:51.615,Beauty Salon
619720,US,6+ Staff,2022-03-22 19:07:02.561,Waxing Salon
760135,US,Individual,2022-11-06 17:55:18.327,Hair Salon
571340,US,2-5 Staff,2021-12-30 02:13:57.327,Nail Salon
462435,CA,2-5 Staff,2021-04-08 04:46:28.966,Beauty Salon
943810,US,Individual,2023-05-25 00:04:31.222,Hair Salon
718690,US,Individual,2022-09-01 17:14:52.347,Tattoo & Piercing
1231415,CA,6+ Staff,2024-05-07 18:33:40.526,Hair Salon
344005,CA,2-5 Staff,2020-05-08 19:34:15.731,Spa
549875,US,6+ Staff,2021-11-14 23:10:37.373,Beauty Salon
63620,CA,6+ Staff,2017-05-29 06:48:43.403,Hair Salon
764885,CA,2-5 Staff,2022-11-14 02:07:36.497,Hair Salon
18210,US,2-5 Staff,2016-05-19 23:51:45.656,Hair Salon
968365,CA,2-5 Staff,2023-06-26 17:57:54.046,Beauty Salon
1026235,US,6+ Staff,2023-09-08 23:52:12.76,Beauty Salon
1015130,US,,2023-08-25 21:42:10.47,Hair Salon
1323675,US,,2024-08-22 02:24:16.301,Nail Salon
153820,US,6+ Staff,2018-10-03 00:17:06.88,Nail Salon
1210525,CA,6+ Staff,2024-04-13 12:35:28.621,Hair Salon
934735,CA,6+ Staff,2023-05-13 17:37:41.366,Barbershop
1175135,US,,2024-03-02 05:24:13.654,Hair Salon
145650,US,Individual,2018-08-30 00:27:26.69,Hair Salon
915160,US,Individual,2023-05-08 15:06:06.727,Eyebrows & Lashes
1430460,US,6+ Staff,2024-12-12 22:37:07.07,Spa
945905,US,Individual,2023-05-27 22:27:09.864,Hair Salon
1237505,CA,6+ Staff,2024-05-15 03:25:28.189,Nail Salon
91770,US,Individual,2017-11-21 03:48:04.604,Hair Salon
1365780,US,2-5 Staff,2024-10-03 03:53:01.049,Nail Salon
932650,CA,Individual,2023-05-11 01:03:50.75,Hair Salon
736545,CA,,2022-09-30 17:11:19.043,Nail Salon
569225,CA,2-5 Staff,2021-12-23 16:26:32.774,Beauty Salon
142310,CA,6+ Staff,2018-08-11 18:06:51.517,Beauty Salon
1081330,US,2-5 Staff,2023-11-11 05:25:33.346,Nail Salon
496295,US,Individual,2021-07-12 21:52:57.572,Hair Salon
129900,CA,2-5 Staff,2018-06-06 23:39:55.574,Aesthetics
852115,US,Individual,2023-03-11 06:58:46.9,Nail Salon
147300,CA,Individual,2018-09-07 05:51:22.95,Beauty Salon
1354900,US,6+ Staff,2024-09-22 20:24:26.946,Gym & Fitness
451950,CA,Individual,2021-03-10 05:23:40.096,Aesthetics
858305,US,2-5 Staff,2023-03-19 23:53:32.579,Beauty Salon
65865,US,6+ Staff,2017-06-10 16:56:32.261,Hair Salon
1103540,US,,2023-12-09 07:58:01.647,Hair Salon
190215,US,6+ Staff,2019-02-06 21:36:35.354,Hair Salon
780735,CA,Individual,2022-12-10 13:58:29.594,Aesthetics
245745,US,6+ Staff,2019-07-25 15:17:40.943,Nail Salon
1204855,US,,2024-04-06 13:58:11.393,Hair Salon
743130,US,6+ Staff,2022-10-11 12:14:34.018,Beauty Salon
938180,US,2-5 Staff,2023-05-17 20:32:41.324,Nail Salon
541020,CA,6+ Staff,2021-10-29 14:18:13.146,Hair Salon
958955,CA,6+ Staff,2023-06-13 22:02:17.376,Spa
401265,US,2-5 Staff,2020-09-29 14:03:53.13,Spa
384620,US,Individual,2020-08-11 01:38:53.966,Hair Salon
1405515,US,,2024-11-13 05:29:03.528,Other
1264720,CA,,2024-06-17 00:33:50.134,Massage
224965,US,6+ Staff,2019-05-21 14:53:04.403,Beauty Salon
374945,US,2-5 Staff,2020-07-15 19:32:57.608,Hair Salon
827805,CA,Individual,2023-02-05 17:11:54.026,Barbershop
134685,CA,2-5 Staff,2018-07-03 11:08:18.384,Beauty Salon
144770,US,Individual,2018-08-25 02:59:04.218,Hair Salon
348705,CA,Individual,2020-05-19 16:38:00.271,Hair Salon
1184615,US,6+ Staff,2024-03-12 22:37:42.442,Hair Salon
832885,US,Individual,2023-02-12 18:05:34.95,Hair Salon
315465,CA,2-5 Staff,2020-02-04 02:09:35.22,Spa
594920,US,2-5 Staff,2022-02-09 01:56:16.246,Spa
60895,US,6+ Staff,2017-05-10 14:42:47.321,Spa
739445,CA,2-5 Staff,2022-10-05 12:00:45.682,Aesthetics
565295,US,Individual,2021-12-14 02:59:16.89,Beauty Salon
988660,CA,2-5 Staff,2023-07-22 18:15:35.529,Barbershop
1026245,US,2-5 Staff,2023-09-09 00:28:55.285,Nail Salon
1021990,CA,Individual,2023-09-04 02:24:29.076,Beauty Salon
1253065,US,,2024-06-03 02:23:27.084,Nail Salon
1069240,US,Individual,2023-10-28 00:15:42.381,Beauty Salon
712440,US,Individual,2022-08-22 19:54:50.825,Hair Salon
1072425,CA,,2023-11-01 05:29:51.137,Nail Salon
435130,US,6+ Staff,2021-01-19 18:36:34.029,Aesthetics
297015,CA,2-5 Staff,2019-12-12 21:30:38.326,Eyebrows & Lashes
1329715,US,6+ Staff,2024-08-28 13:37:15.657,Nail Salon
761060,US,2-5 Staff,2022-11-08 03:32:19.641,Spa
677980,US,Individual,2022-06-25 00:11:46.728,Hair Salon
611410,CA,Individual,2022-03-08 17:45:23.405,Eyebrows & Lashes
1160040,US,6+ Staff,2024-02-14 04:01:37.452,Nail Salon
1217750,CA,2-5 Staff,2024-04-22 04:44:42.144,Barbershop
704070,US,2-5 Staff,2022-08-08 18:28:45.151,Eyebrows & Lashes
1191780,CA,2-5 Staff,2024-03-20 23:39:05.609,Beauty Salon
382265,US,Individual,2020-08-04 00:08:39.328,Massage
1167550,CA,6+ Staff,2024-02-22 20:07:20.572,Hair Salon
493950,US,6+ Staff,2021-07-06 02:50:18.101,Hair Salon
11835,US,Individual,2016-02-14 19:45:57.835,Hair Salon
205225,US,6+ Staff,2019-03-27 00:24:36.841,Beauty Salon
462615,US,Individual,2021-04-08 14:36:42.041,Spa
1065095,US,Individual,2023-10-23 20:24:50.745,Hair Salon
628755,US,2-5 Staff,2022-04-07 19:09:28.982,Aesthetics
505335,US,Individual,2021-08-08 02:46:01.65,Aesthetics
348955,US,2-5 Staff,2020-05-20 02:24:49.355,Eyebrows & Lashes
371890,US,Individual,2020-07-08 20:13:54.067,Other
1179915,US,2-5 Staff,2024-03-07 12:23:04.801,Massage
665655,CA,2-5 Staff,2022-06-03 04:17:53.008,Barbershop
1334665,CA,2-5 Staff,2024-09-02 18:30:04.015,Nail Salon
919360,US,2-5 Staff,2023-05-08 15:45:43.172,Massage
1300810,US,,2024-07-29 00:54:33.671,Tattoo & Piercing
97310,US,6+ Staff,2017-12-29 18:10:45.393,Spa
803320,US,6+ Staff,2023-01-16 12:42:37.898,Spa
1231340,CA,2-5 Staff,2024-05-07 16:58:16.07,Hair Salon
887835,CA,Individual,2023-04-28 17:18:52.102,Hair Salon
1267570,US,2-5 Staff,2024-06-20 01:19:35.475,Hair Salon
510930,CA,Individual,2021-08-23 14:58:17.709,Hair Salon
1049155,US,2-5 Staff,2023-10-05 22:24:26.592,Massage
207260,US,6+ Staff,2019-04-02 17:44:16.875,Nail Salon
1191435,US,,2024-03-20 17:05:29.179,Hair Salon
276795,US,6+ Staff,2019-10-15 10:07:10.675,Nail Salon
803880,CA,2-5 Staff,2023-01-17 05:24:08.922,Aesthetics
1172645,US,2-5 Staff,2024-02-28 18:03:10.872,Tattoo & Piercing
830895,US,Individual,2023-02-09 15:03:58.782,Waxing Salon
111740,US,2-5 Staff,2018-03-04 23:38:15.238,Hair Salon
388305,US,2-5 Staff,2020-08-21 11:38:51.672,Hair Salon
566310,US,2-5 Staff,2021-12-16 06:57:25.731,Eyebrows & Lashes
191505,US,Individual,2019-02-11 05:24:04.348,Barbershop
489620,CA,6+ Staff,2021-06-22 20:49:24.961,Tattoo & Piercing
309280,CA,2-5 Staff,2020-01-19 04:04:41.932,Massage
52210,US,Individual,2017-03-15 17:37:44.715,Eyebrows & Lashes
800790,CA,Individual,2023-01-12 17:01:16.623,Aesthetics
129025,US,2-5 Staff,2018-06-01 23:36:01.806,Beauty Salon
149440,US,2-5 Staff,2018-09-17 12:10:25.513,Hair Salon
1242200,US,,2024-05-20 19:06:26.692,Other
556250,US,Individual,2021-11-26 22:20:43.174,Hair Salon
225865,US,Individual,2019-05-23 19:49:17.803,Beauty Salon
1187705,CA,2-5 Staff,2024-03-16 06:36:46.027,Aesthetics
792920,US,Individual,2023-01-02 19:16:42.544,Aesthetics
614320,CA,Individual,2022-03-13 17:36:32.717,Eyebrows & Lashes
1152895,CA,6+ Staff,2024-02-05 21:28:05.779,Hair Salon
845560,US,2-5 Staff,2023-03-02 03:13:32.149,Spa
163250,US,Individual,2018-11-02 00:56:33.134,Hair Salon
433815,US,Individual,2021-01-15 15:32:52.677,Waxing Salon
344295,US,2-5 Staff,2020-05-09 16:30:14.394,Beauty Salon
213555,US,Individual,2019-04-17 04:14:50.718,Eyebrows & Lashes
775265,US,Individual,2022-11-30 23:45:50.319,Barbershop
592135,US,Individual,2022-02-04 06:58:54.551,Beauty Salon
725835,US,Individual,2022-09-14 03:25:54.966,Waxing Salon
1010385,CA,Individual,2023-08-19 20:36:39.533,Nail Salon
96185,US,2-5 Staff,2017-12-19 21:58:05.677,Hair Salon
473480,US,6+ Staff,2021-05-07 20:59:46.307,Spa
1044660,US,6+ Staff,2023-09-30 21:07:47.449,Hair Salon
611350,CA,2-5 Staff,2022-03-08 16:14:41.718,Hair Salon
529120,US,Individual,2021-10-06 14:39:08.125,Aesthetics
1092690,CA,2-5 Staff,2023-11-25 21:31:49.858,Beauty Salon
654705,CA,6+ Staff,2022-05-13 21:54:56.689,Hair Salon
937995,US,2-5 Staff,2023-05-17 16:17:17.968,Hair Salon
22485,US,6+ Staff,2016-07-20 20:31:07.771,Spa
1237045,US,Individual,2024-05-14 16:31:10.659,Nail Salon
444270,US,6+ Staff,2021-02-17 14:10:58.025,Spa
40175,US,Individual,2016-12-27 19:56:05.514,Spa
1331350,US,,2024-08-30 00:31:06.948,Massage
367685,US,6+ Staff,2020-06-28 13:06:45.404,Nail Salon
1031310,US,Individual,2023-09-15 02:38:24.956,Beauty Salon
525570,US,2-5 Staff,2021-09-28 14:22:53.632,Hair Salon
37375,US,2-5 Staff,2016-12-01 13:16:15.267,Nail Salon
691920,US,Individual,2022-07-18 21:36:07.405,Aesthetics
752360,US,Individual,2022-10-26 04:18:15.015,Beauty Salon
137580,US,6+ Staff,2018-07-18 12:05:47.464,Hair Salon
1188595,US,Individual,2024-03-17 15:45:43.366,Eyebrows & Lashes
1158880,CA,Individual,2024-02-12 19:41:12.568,Hair Salon
441095,US,2-5 Staff,2021-02-07 18:42:01.751,Eyebrows & Lashes
27210,CA,6+ Staff,2016-09-09 14:28:40.078,Spa
809770,US,Individual,2023-01-24 22:13:05.382,Other
1086200,US,Individual,2023-11-17 02:46:20.046,Nail Salon
841665,US,Individual,2023-02-25 01:55:07.844,Nail Salon
1157470,US,2-5 Staff,2024-02-10 20:59:28.828,Nail Salon
1297775,CA,Individual,2024-07-24 23:09:54.252,Hair Salon
202905,CA,2-5 Staff,2019-03-19 14:27:55.635,Hair Salon
933445,US,,2023-05-11 21:40:38.194,Hair Salon
48495,CA,Individual,2017-02-19 01:12:54.612,Waxing Salon
205570,US,6+ Staff,2019-03-27 23:42:23.723,Nail Salon
1260945,CA,2-5 Staff,2024-06-12 02:38:35.744,Eyebrows & Lashes
27220,US,Individual,2016-09-09 16:31:48.983,Hair Salon
1144455,US,Individual,2024-01-27 22:43:46.032,Massage
1077215,CA,Individual,2023-11-06 19:54:12.787,Eyebrows & Lashes
965580,US,2-5 Staff,2023-06-22 14:52:41.455,Hair Salon
161555,CA,Individual,2018-10-26 21:31:13.063,Beauty Salon
148740,CA,6+ Staff,2018-09-13 19:02:16.192,Beauty Salon
